codigo_ipress,servicio_hospitalizacion,anio,mes
00013914,HOSPITALIZACIÓN,2024,6
00008318,HOSPITALIZACIÓN DE MEDICINA MEDICINA GENERAL,2024,7
00005947,HOSPITALIZACIÓN DE MEDICINA MEDICINA INTERNA,2024,8
00005883,HOSPITALIZACIÓN QUIRÚRGICA GINECOLOGÍA,2025,3
00006000,HOSPITALIZACIÓN QUIRÚRGICA OBSTETRICIA,2025,5
00008318,HOSPITALIZACIÓN DE MEDICINA MEDICINA GENERAL,2025,8
00006000,HOSPITALIZACIÓN QUIRÚRGICA OBSTETRICIA,2025,3
00006000,HOSPITALIZACIÓN QUIRÚRGICA OBSTETRICIA,2025,4
00005735,HOSPITALIZACIÓN DE MEDICINA MEDICINA GENERAL,2025,1
00013914,HOSPITALIZACIÓN,2025,8
00013914,HOSPITALIZACIÓN,2025,9
00013914,HOSPITALIZACIÓN,2025,7
00005883,HOSPITALIZACIÓN QUIRÚRGICA GINECOLOGÍA,2025,9
00006000,HOSPITALIZACIÓN QUIRÚRGICA OBSTETRICIA,2025,6
00005883,HOSPITALIZACIÓN QUIRÚRGICA GINECOLOGÍA,2025,11
00013914,HOSPITALIZACIÓN,2025,10
00005947,HOSPITALIZACIÓN DE MEDICINA MEDICINA INTERNA,2025,11
00005883,HOSPITALIZACION QUIRURGICA GINECOLOGIA,2026,2
00005883,HOSPITALIZACION QUIRURGICA GINECOLOGIA,2026,3
00008317,HOSPITALIZACION QUIRURGICA CIRUGIA GENERAL,2026,3
00005883,HOSPITALIZACION QUIRURGICA GINECOLOGIA,2026,4
00005947,HOSPITALIZACIÓN QUIRÚRGICA CIRUGÍA OFTALMOLÓGICA,2015,11
00005947,HOSPITALIZACIÓN QUIRÚRGICA CIRUGÍA OFTALMOLÓGICA,2015,10
00017024,HOSPITALIZACIÓN DE MEDICINA MEDICINA GENERAL,2015,8
00006206,EMERGENCIA SHOCKTRAUMA / PRIORIDAD 1,2015,8
00006206,HOSPIT. EN UNIDAD DE CUID.INTEN.-UNIDAD DE TRAUMA SHOCK-,2015,8
00006206,UNIDAD DE CUIDADOS CRITICOS UNIDAD DE CUIDADOS INTERMEDIOS GENERAL (UCIN),2015,8
00006206,UNIDAD DE CUIDADOS CRITICOS UNIDAD DE CUIDADOS INTENSIVOS GENERALES (UCI),2015,8
00006206,EMERGENCIA SHOCKTRAUMA / PRIORIDAD 1,2015,9
00006206,HOSPIT. EN UNIDAD DE CUID.INTEN.-UNIDAD DE TRAUMA SHOCK-,2015,9
00006206,UNIDAD DE CUIDADOS CRITICOS UNIDAD DE CUIDADOS INTERMEDIOS GENERAL (UCIN),2015,9
00006206,UNIDAD DE CUIDADOS CRITICOS UNIDAD DE CUIDADOS INTENSIVOS GENERALES (UCI),2015,9
00006206,HOSPITALIZACIÓN DE PEDIATRÍA PEDIATRÍA GENERAL,2015,9
00006206,HOSPITALIZACIÓN QUIRÚRGICA GINECO - OBSTETRICIA,2015,9
00006206,HOSPITALIZACIÓN QUIRÚRGICA CIRUGÍA DE TÓRAX Y CARDIOVASCULAR,2015,9
00006206,HOSPITALIZACIÓN QUIRÚRGICA CIRUGÍA PLÁSTICA/RECONSTRUCTIVA/ REPARADORA,2015,9
00006206,HOSPITALIZACIÓN QUIRÚRGICA CIRUGÍA DE CABEZA Y CUELLO / MÁXILO FACIAL,2015,9
00006206,HOSPITALIZACIÓN QUIRÚRGICA CIRUGÍA PEDIÁTRICA,2015,9
00006206,HOSPITALIZACIÓN QUIRÚRGICA OTORRINOLARINGOLOGÍA,2015,9
00006206,HOSPITALIZACIÓN QUIRÚRGICA NEUROCIRUGÍA,2015,9
00006206,HOSPITALIZACIÓN QUIRÚRGICA UROLOGÍA,2015,9
00006206,HOSPITALIZACIÓN QUIRÚRGICA TRAUMATOLOGÍA Y ORTOPEDIA,2015,9
00006206,HOSPITALIZACIÓN QUIRÚRGICA CIRUGÍA GENERAL,2015,9
00006206,HOSPITALIZACIÓN DE PEDIATRÍA PEDIATRIA NEUROLOGÍA PEDIÁTRICA,2015,9
00006206,HOSPITALIZACIÓN DE MEDICINA MEDICINA TROPICAL E INFECCIOSAS,2015,9
00006206,HOSPITALIZACIÓN DE MEDICINA MEDICINA GENERAL,2015,9
00005946,HOSPITALIZACIÓN DE MEDICINA MEDICINA GENERAL,2015,11
00005946,HOSPITALIZACIÓN QUIRÚRGICA NEUROCIRUGÍA,2015,11
00005946,HOSPITALIZACIÓN DE MEDICINA MEDICINA GENERAL,2015,12
00005946,HOSPITALIZACIÓN DE MEDICINA PSIQUIATRÍA,2015,12
00005946,HOSPITALIZACIÓN QUIRÚRGICA NEUROCIRUGÍA,2015,10
00005946,HOSPITALIZACIÓN DE MEDICINA MEDICINA GENERAL,2015,10
00005946,HOSPITALIZACIÓN DE MEDICINA MEDICINA GENERAL,2015,9
00005946,HOSPITALIZACIÓN QUIRÚRGICA CIRUGÍA GENERAL,2015,9
00005946,HOSPITALIZACIÓN DE MEDICINA MEDICINA GENERAL,2015,8
00005946,HOSPITALIZACIÓN DE MEDICINA MEDICINA GENERAL,2015,7
00005946,HOSPITALIZACIÓN DE MEDICINA MEDICINA INTERNA,2015,7
00005946,HOSPITALIZACIÓN QUIRÚRGICA CIRUGÍA GENERAL,2015,7
00005946,HOSPITALIZACIÓN QUIRÚRGICA CIRUGÍA PLÁSTICA/RECONSTRUCTIVA/ REPARADORA,2015,7
00005946,HOSPITALIZACIÓN QUIRÚRGICA OBSTETRICIA,2015,7
00005946,HOSPITALIZACIÓN QUIRÚRGICA NEUROCIRUGÍA,2015,4
00005946,HOSPITALIZACIÓN QUIRÚRGICA OBSTETRICIA,2015,4
00005946,HOSPITALIZACIÓN QUIRÚRGICA CIRUGÍA GENERAL,2015,4
00005946,HOSPITALIZACIÓN QUIRÚRGICA CIRUGÍA GENERAL,2015,6
00005946,HOSPITALIZACIÓN QUIRÚRGICA CIRUGÍA PEDIÁTRICA,2015,5
00006210,HOSPITALIZACIÓN DE PEDIATRÍA PEDIATRÍA GENERAL,2015,12
00006210,HOSPITALIZACIÓN DE MEDICINA ONCOLOGÍA MÉDICA,2015,10
00006210,HOSPITALIZACIÓN DE MEDICINA ONCOLOGÍA MÉDICA,2015,9
00006210,HOSPITALIZACIÓN DE PEDIATRÍA PEDIATRÍA GENERAL,2015,9
00006210,HOSPITALIZACIÓN DE MEDICINA ONCOLOGÍA MÉDICA,2015,7
00006210,HOSPITALIZACIÓN DE MEDICINA ONCOLOGÍA MÉDICA,2015,8
00006213,HOSPITALIZACIÓN DE MEDICINA MEDICINA GENERAL,2015,7
00008318,UNIDAD DE CUIDADOS CRITICOS UNIDAD DE CUIDADOS INTERMEDIOS GENERAL (UCIN),2015,11
00008318,HOSPITALIZACIÓN DE PEDIATRÍA PEDIATRÍA GENERAL,2015,11
00008318,HOSPITALIZACIÓN QUIRÚRGICA OBSTETRICIA,2015,11
00008318,HOSPITALIZACIÓN QUIRÚRGICA GINECOLOGÍA,2015,11
00008318,HOSPITALIZACIÓN QUIRÚRGICA CIRUGÍA GENERAL,2015,11
00008318,HOSPITALIZACIÓN DE MEDICINA MEDICINA INTERNA,2015,11
00017024,HOSPITALIZACIÓN QUIRÚRGICA TRAUMATOLOGÍA Y ORTOPEDIA,2015,8
00017024,HOSPITALIZACIÓN QUIRÚRGICA CIRUGÍA PLÁSTICA/RECONSTRUCTIVA/ REPARADORA,2015,8
00017024,HOSPITALIZACIÓN DE MEDICINA MEDICINA INTERNA,2015,8
00005947,HOSPITALIZACIÓN QUIRÚRGICA CIRUGÍA PLÁSTICA/RECONSTRUCTIVA/ REPARADORA,2016,2
00007632,HOSPITALIZACIÓN DE MEDICINA MEDICINA GENERAL,2016,2
00007632,HOSPITALIZACIÓN DE MEDICINA MEDICINA GENERAL,2016,1
00007632,HOSPITALIZACIÓN DE MEDICINA MEDICINA GENERAL,2016,3
00005947,HOSPITALIZACIÓN QUIRÚRGICA CIRUGÍA PLÁSTICA/RECONSTRUCTIVA/ REPARADORA,2016,3
00007632,HOSPITALIZACIÓN DE MEDICINA MEDICINA GENERAL,2016,4
00005947,HOSPITALIZACIÓN QUIRÚRGICA CIRUGÍA PLÁSTICA/RECONSTRUCTIVA/ REPARADORA,2016,4
00005947,HOSPITALIZACIÓN QUIRÚRGICA CIRUGÍA PLÁSTICA/RECONSTRUCTIVA/ REPARADORA,2016,11
00005947,HOSPITALIZACIÓN DE PEDIATRÍA PEDIATRÍA GENERAL,2016,11
00018580,HOSPITALIZACIÓN QUIRÚRGICA OBSTETRICIA,2016,2
00018580,HOSPITALIZACIÓN QUIRÚRGICA UROLOGÍA,2016,2
00018580,HOSPITALIZACIÓN QUIRÚRGICA OTORRINOLARINGOLOGÍA,2016,2
00018580,HOSPITALIZACIÓN QUIRÚRGICA TRAUMATOLOGÍA Y ORTOPEDIA,2016,2
00018580,HOSPITALIZACIÓN QUIRÚRGICA CIRUGÍA OFTALMOLÓGICA,2016,2
00018580,HOSPITALIZACIÓN QUIRÚRGICA NEUROCIRUGÍA,2016,2
00018580,HOSPITALIZACIÓN DE MEDICINA MEDICINA INTERNA,2016,2
00018580,HOSPITALIZACIÓN DE MEDICINA MEDICINA GENERAL,2016,2
00018580,HOSPITALIZACIÓN,2016,2
00005947,HOSPITALIZACIÓN QUIRÚRGICA CIRUGÍA PLÁSTICA/RECONSTRUCTIVA/ REPARADORA,2016,5
00005947,HOSPITALIZACIÓN QUIRÚRGICA UROLOGÍA,2016,6
00005947,HOSPITALIZACIÓN QUIRÚRGICA CIRUGÍA PLÁSTICA/RECONSTRUCTIVA/ REPARADORA,2016,6
00005945,HOSPITALIZACIÓN DE MEDICINA MEDICINA INTERNA,2016,10
00005945,HOSPITALIZACIÓN DE PEDIATRÍA PEDIATRÍA GENERAL,2016,10
00005945,HOSPITALIZACIÓN DE PEDIATRÍA PEDIATRIA NEONATOLOGÍA,2016,10
00005945,HOSPITALIZACIÓN QUIRÚRGICA GINECOLOGÍA,2016,10
00005945,HOSPITALIZACIÓN QUIRÚRGICA OBSTETRICIA,2016,10
00005945,HOSPITALIZACIÓN QUIRÚRGICA CIRUGÍA GENERAL,2016,10
00005945,HOSPITALIZACIÓN QUIRÚRGICA TRAUMATOLOGÍA Y ORTOPEDIA,2016,10
00005945,HOSPITALIZACIÓN QUIRÚRGICA OTORRINOLARINGOLOGÍA,2016,10
00005945,HOSPITALIZACIÓN QUIRÚRGICA UROLOGÍA,2016,10
00005947,HOSPITALIZACIÓN QUIRÚRGICA UROLOGÍA,2016,8
00005947,HOSPITALIZACIÓN QUIRÚRGICA CIRUGÍA PLÁSTICA/RECONSTRUCTIVA/ REPARADORA,2016,8
00016094,HOSPITALIZACIÓN DE MEDICINA MEDICINA INTERNA,2016,6
00016094,HOSPITALIZACIÓN QUIRÚRGICA OTORRINOLARINGOLOGÍA,2016,6
00016094,HOSPITALIZACIÓN QUIRÚRGICA UROLOGÍA,2016,6
00016094,HOSPITALIZACIÓN QUIRÚRGICA GINECO - OBSTETRICIA,2016,6
00016094,HOSPITALIZACIÓN DE MEDICINA MEDICINA INTERNA,2016,8
00008353,HOSPITALIZACIÓN QUIRÚRGICA UROLOGÍA,2016,7
00018580,HOSPITALIZACIÓN DE MEDICINA MEDICINA INTERNA,2016,12
00018580,HOSPITALIZACIÓN QUIRÚRGICA CIRUGÍA GENERAL,2016,12
00018580,HOSPITALIZACIÓN QUIRÚRGICA GINECO - OBSTETRICIA,2016,12
00018580,HOSPITALIZACIÓN DE PEDIATRÍA PEDIATRÍA GENERAL,2016,12
00018580,HOSPITALIZACIÓN DE PEDIATRÍA PEDIATRIA NEONATOLOGÍA,2016,12
00005947,HOSPITALIZACIÓN QUIRÚRGICA UROLOGÍA,2016,7
00005947,HOSPITALIZACIÓN QUIRÚRGICA CIRUGÍA PLÁSTICA/RECONSTRUCTIVA/ REPARADORA,2016,7
00005947,HOSPITALIZACIÓN QUIRÚRGICA CIRUGÍA PLÁSTICA/RECONSTRUCTIVA/ REPARADORA,2016,12
00005947,HOSPITALIZACIÓN DE PEDIATRÍA PEDIATRÍA GENERAL,2016,12
00005947,HOSPITALIZACIÓN QUIRÚRGICA UROLOGÍA,2016,10
00005947,HOSPITALIZACIÓN QUIRÚRGICA CIRUGÍA PLÁSTICA/RECONSTRUCTIVA/ REPARADORA,2016,10
00005947,HOSPITALIZACIÓN DE PEDIATRÍA PEDIATRÍA GENERAL,2016,10
00018580,HOSPITALIZACIÓN,2016,3
00018580,HOSPITALIZACIÓN DE MEDICINA MEDICINA GENERAL,2016,3
00018580,UNIDAD DE CUIDADOS CRITICOS UNIDAD DE CUIDADOS INTENSIVOS (UCI) NEONATOLOGÍA,2016,3
00018580,HOSPITALIZACIÓN DE MEDICINA MEDICINA INTERNA,2016,3
00018580,HOSPITALIZACIÓN QUIRÚRGICA NEUROCIRUGÍA,2016,3
00018580,HOSPITALIZACIÓN QUIRÚRGICA CIRUGÍA OFTALMOLÓGICA,2016,3
00018580,HOSPITALIZACIÓN QUIRÚRGICA TRAUMATOLOGÍA Y ORTOPEDIA,2016,3
00018580,HOSPITALIZACIÓN QUIRÚRGICA OTORRINOLARINGOLOGÍA,2016,3
00018580,HOSPITALIZACIÓN QUIRÚRGICA UROLOGÍA,2016,3
00018580,HOSPITALIZACIÓN QUIRÚRGICA OBSTETRICIA,2016,3
00018580,HOSPITALIZACIÓN DE PEDIATRÍA PEDIATRIA NEONATOLOGÍA,2016,3
00007632,HOSPITALIZACIÓN QUIRÚRGICA UROLOGÍA,2016,7
00005947,HOSPITALIZACIÓN QUIRÚRGICA UROLOGÍA,2016,9
00005947,HOSPITALIZACIÓN QUIRÚRGICA CIRUGÍA PLÁSTICA/RECONSTRUCTIVA/ REPARADORA,2016,9
00018580,HOSPITALIZACIÓN QUIRÚRGICA OBSTETRICIA,2016,4
00018580,HOSPITALIZACIÓN QUIRÚRGICA UROLOGÍA,2016,4
00018580,HOSPITALIZACIÓN QUIRÚRGICA OTORRINOLARINGOLOGÍA,2016,4
00018580,HOSPITALIZACIÓN QUIRÚRGICA TRAUMATOLOGÍA Y ORTOPEDIA,2016,4
00018580,HOSPITALIZACIÓN QUIRÚRGICA CIRUGÍA OFTALMOLÓGICA,2016,4
00018580,HOSPITALIZACIÓN QUIRÚRGICA NEUROCIRUGÍA,2016,4
00018580,HOSPITALIZACIÓN DE MEDICINA MEDICINA INTERNA,2016,4
00018580,UNIDAD DE CUIDADOS CRITICOS UNIDAD DE CUIDADOS INTENSIVOS (UCI) NEONATOLOGÍA,2016,4
00018580,HOSPITALIZACIÓN,2016,4
00018580,HOSPITALIZACIÓN,2016,1
00018580,HOSPITALIZACIÓN DE MEDICINA MEDICINA GENERAL,2016,1
00018580,HOSPITALIZACIÓN DE MEDICINA MEDICINA INTERNA,2016,1
00018580,HOSPITALIZACIÓN QUIRÚRGICA NEUROCIRUGÍA,2016,1
00018580,HOSPITALIZACIÓN QUIRÚRGICA CIRUGÍA OFTALMOLÓGICA,2016,1
00018580,HOSPITALIZACIÓN QUIRÚRGICA TRAUMATOLOGÍA Y ORTOPEDIA,2016,1
00018580,HOSPITALIZACIÓN QUIRÚRGICA OTORRINOLARINGOLOGÍA,2016,1
00018580,HOSPITALIZACIÓN QUIRÚRGICA UROLOGÍA,2016,1
00018580,HOSPITALIZACIÓN QUIRÚRGICA OBSTETRICIA,2016,1
00016094,HOSPITALIZACIÓN DE MEDICINA MEDICINA GENERAL,2016,5
00016094,HOSPITALIZACIÓN DE MEDICINA MEDICINA INTERNA,2016,5
00016094,HOSPITALIZACIÓN QUIRÚRGICA CIRUGÍA GENERAL,2016,5
00016094,HOSPITALIZACIÓN QUIRÚRGICA TRAUMATOLOGÍA Y ORTOPEDIA,2016,5
00016094,HOSPITALIZACIÓN QUIRÚRGICA UROLOGÍA,2016,5
00008671,HOSPITALIZACIÓN DE MEDICINA MEDICINA INTERNA,2016,12
00008671,HOSPITALIZACIÓN QUIRÚRGICA CIRUGÍA GENERAL,2016,12
00008671,HOSPITALIZACIÓN QUIRÚRGICA GINECO - OBSTETRICIA,2016,12
00008671,HOSPITALIZACIÓN QUIRÚRGICA OBSTETRICIA,2016,12
00008671,HOSPITALIZACIÓN DE PEDIATRÍA PEDIATRIA NEONATOLOGÍA,2016,12
00008671,HOSPITALIZACIÓN DE PEDIATRÍA PEDIATRÍA GENERAL,2016,12
00005946,HOSPITALIZACIÓN QUIRÚRGICA OBSTETRICIA,2016,12
00005946,HOSPITALIZACIÓN DE PEDIATRÍA PEDIATRIA NEONATOLOGÍA,2016,12
00007632,HOSPITALIZACIÓN QUIRÚRGICA TRAUMATOLOGÍA Y ORTOPEDIA,2016,2
00007632,HOSPITALIZACIÓN QUIRÚRGICA OBSTETRICIA,2016,2
00017024,UNIDAD DE CUIDADOS CRITICOS UNIDAD DE CUIDADOS INTENSIVOS GENERALES (UCI),2016,1
00017024,HOSPITALIZACIÓN DE MEDICINA MEDICINA INTERNA,2016,1
00017024,HOSPITALIZACIÓN QUIRÚRGICA TRAUMATOLOGÍA Y ORTOPEDIA,2016,1
00005946,HOSPITALIZACIÓN DE MEDICINA MEDICINA GENERAL,2016,1
00006210,HOSPITALIZACIÓN DE PEDIATRÍA PEDIATRÍA GENERAL,2016,1
00006210,HOSPITALIZACIÓN DE PEDIATRÍA PEDIATRÍA GENERAL,2016,2
00005946,HOSPITALIZACIÓN QUIRÚRGICA UROLOGÍA,2016,12
00005987,HOSPITALIZACIÓN DE MEDICINA MEDICINA INTERNA,2016,1
00017024,UNIDAD DE CUIDADOS CRITICOS UNIDAD DE CUIDADOS INTENSIVOS GENERALES (UCI),2016,2
00017024,HOSPITALIZACIÓN DE MEDICINA MEDICINA INTERNA,2016,2
00017024,HOSPITALIZACIÓN QUIRÚRGICA NEUROCIRUGÍA,2016,2
00017024,HOSPITALIZACIÓN QUIRÚRGICA TRAUMATOLOGÍA Y ORTOPEDIA,2016,2
00005946,HOSPITALIZACIÓN QUIRÚRGICA UROLOGÍA,2016,2
00005946,HOSPITALIZACIÓN DE PEDIATRÍA PEDIATRÍA GENERAL,2016,2
00005946,HOSPITALIZACIÓN DE MEDICINA MEDICINA GENERAL,2016,2
00005946,HOSPITALIZACIÓN QUIRÚRGICA NEUROCIRUGÍA,2016,2
00008318,HOSPITALIZACIÓN DE MEDICINA MEDICINA INTERNA,2016,2
00008318,HOSPITALIZACIÓN DE PEDIATRÍA PEDIATRIA NEONATOLOGÍA,2016,2
00007632,HOSPITALIZACIÓN QUIRÚRGICA TRAUMATOLOGÍA Y ORTOPEDIA,2016,3
00006210,HOSPITALIZACIÓN DE MEDICINA ONCOLOGÍA MÉDICA,2016,3
00017024,HOSPITALIZACIÓN DE MEDICINA MEDICINA INTERNA,2016,3
00017024,HOSPITALIZACIÓN DE MEDICINA PSIQUIATRÍA,2016,3
00017024,HOSPITALIZACIÓN QUIRÚRGICA TRAUMATOLOGÍA Y ORTOPEDIA,2016,3
00005946,HOSPITALIZACIÓN QUIRÚRGICA CIRUGÍA GENERAL,2016,3
00005946,HOSPITALIZACIÓN QUIRÚRGICA NEUROCIRUGÍA,2016,3
00005946,HOSPITALIZACIÓN QUIRÚRGICA UROLOGÍA,2016,3
00005946,HOSPITALIZACIÓN DE MEDICINA MEDICINA GENERAL,2016,3
00005946,HOSPITALIZACIÓN QUIRÚRGICA CIRUGÍA PLÁSTICA/RECONSTRUCTIVA/ REPARADORA,2016,3
00017024,UNIDAD DE CUIDADOS CRITICOS UNIDAD DE CUIDADOS INTENSIVOS GENERALES (UCI),2016,4
00017024,HOSPITALIZACIÓN DE MEDICINA MEDICINA INTERNA,2016,4
00017024,HOSPITALIZACIÓN DE MEDICINA PSIQUIATRÍA,2016,4
00017024,HOSPITALIZACIÓN QUIRÚRGICA CIRUGÍA GENERAL,2016,4
00017024,HOSPITALIZACIÓN QUIRÚRGICA CIRUGÍA PLÁSTICA/RECONSTRUCTIVA/ REPARADORA,2016,4
00017024,HOSPITALIZACIÓN QUIRÚRGICA NEUROCIRUGÍA,2016,4
00017024,HOSPITALIZACIÓN QUIRÚRGICA TRAUMATOLOGÍA Y ORTOPEDIA,2016,4
00017024,HOSPITALIZACIÓN QUIRÚRGICA GINECO - OBSTETRICIA,2016,4
00017024,HOSPITALIZACIÓN DE PEDIATRÍA PEDIATRÍA GENERAL,2016,4
00005946,HOSPITALIZACIÓN QUIRÚRGICA NEUROCIRUGÍA,2016,4
00006210,HOSPITALIZACIÓN DE MEDICINA ONCOLOGÍA MÉDICA,2016,4
00008318,HOSPITALIZACIÓN DE MEDICINA MEDICINA INTERNA,2016,12
00005946,HOSPITALIZACIÓN DE MEDICINA PSIQUIATRÍA,2016,9
00005946,HOSPITALIZACIÓN DE MEDICINA PSIQUIATRÍA,2016,10
00017024,HOSPITALIZACIÓN DE MEDICINA MEDICINA GENERAL,2016,8
00017024,HOSPITALIZACIÓN DE MEDICINA MEDICINA INTERNA,2016,8
00017024,HOSPITALIZACIÓN DE MEDICINA PSIQUIATRÍA,2016,8
00017024,HOSPITALIZACIÓN QUIRÚRGICA TRAUMATOLOGÍA Y ORTOPEDIA,2016,8
00017024,HOSPITALIZACIÓN QUIRÚRGICA UROLOGÍA,2016,8
00005987,HOSPITALIZACIÓN DE MEDICINA MEDICINA INTERNA,2016,12
00006210,HOSPITALIZACIÓN DE PEDIATRÍA PEDIATRÍA GENERAL,2016,9
00017024,HOSPITALIZACIÓN DE MEDICINA MEDICINA INTERNA,2016,7
00017024,HOSPITALIZACIÓN QUIRÚRGICA TRAUMATOLOGÍA Y ORTOPEDIA,2016,7
00017024,HOSPITALIZACIÓN QUIRÚRGICA UROLOGÍA,2016,7
00007632,HOSPITALIZACIÓN QUIRÚRGICA OBSTETRICIA,2016,10
00006210,HOSPITALIZACIÓN DE MEDICINA ONCOLOGÍA MÉDICA,2016,6
00007632,HOSPITALIZACIÓN DE PEDIATRÍA PEDIATRIA NEONATOLOGÍA,2016,8
00007632,HOSPITALIZACIÓN DE MEDICINA MEDICINA INTERNA,2016,9
00017024,HOSPITALIZACIÓN DE MEDICINA MEDICINA INTERNA,2016,10
00017024,HOSPITALIZACIÓN DE MEDICINA ONCOLOGÍA MÉDICA,2016,10
00017024,HOSPITALIZACIÓN DE MEDICINA PSIQUIATRÍA,2016,10
00017024,HOSPITALIZACIÓN QUIRÚRGICA CIRUGÍA PLÁSTICA/RECONSTRUCTIVA/ REPARADORA,2016,10
00017024,HOSPITALIZACIÓN QUIRÚRGICA UROLOGÍA,2016,10
00016094,HOSPITALIZACIÓN DE MEDICINA MEDICINA GENERAL,2016,6
00008318,HOSPITALIZACIÓN DE MEDICINA MEDICINA INTERNA,2016,10
00005945,HOSPITALIZACIÓN QUIRÚRGICA OBSTETRICIA,2016,2
00005946,HOSPITALIZACIÓN QUIRÚRGICA OBSTETRICIA,2016,7
00005946,HOSPITALIZACIÓN DE MEDICINA PSIQUIATRÍA,2016,7
00016094,HOSPITALIZACIÓN DE MEDICINA MEDICINA GENERAL,2016,8
00006210,HOSPITALIZACIÓN DE PEDIATRÍA PEDIATRÍA GENERAL,2016,10
00007632,HOSPITALIZACIÓN DE MEDICINA MEDICINA INTERNA,2016,12
00007632,HOSPITALIZACIÓN QUIRÚRGICA OBSTETRICIA,2016,12
00007632,HOSPITALIZACIÓN DE PEDIATRÍA PEDIATRIA NEONATOLOGÍA,2016,12
00007632,HOSPITALIZACIÓN DE MEDICINA MEDICINA INTERNA,2016,11
00006210,HOSPITALIZACIÓN DE MEDICINA ONCOLOGÍA MÉDICA,2016,11
00006210,HOSPITALIZACIÓN DE PEDIATRÍA PEDIATRÍA GENERAL,2016,11
00017024,HOSPITALIZACIÓN DE MEDICINA MEDICINA GENERAL,2016,9
00017024,HOSPITALIZACIÓN DE MEDICINA MEDICINA INTERNA,2016,9
00017024,HOSPITALIZACIÓN DE MEDICINA PSIQUIATRÍA,2016,9
00017024,HOSPITALIZACIÓN QUIRÚRGICA CIRUGÍA GENERAL,2016,9
00017024,HOSPITALIZACIÓN QUIRÚRGICA CIRUGÍA PLÁSTICA/RECONSTRUCTIVA/ REPARADORA,2016,9
00017024,HOSPITALIZACIÓN QUIRÚRGICA TRAUMATOLOGÍA Y ORTOPEDIA,2016,9
00017024,HOSPITALIZACIÓN QUIRÚRGICA UROLOGÍA,2016,9
00005946,HOSPITALIZACIÓN QUIRÚRGICA OBSTETRICIA,2016,6
00005945,HOSPITALIZACIÓN DE MEDICINA MEDICINA INTERNA,2016,11
00005945,HOSPITALIZACIÓN QUIRÚRGICA OBSTETRICIA,2016,3
00005945,HOSPITALIZACIÓN QUIRÚRGICA CIRUGÍA GENERAL,2016,3
00017024,HOSPITALIZACIÓN DE MEDICINA MEDICINA INTERNA,2016,12
00017024,HOSPITALIZACIÓN DE MEDICINA PSIQUIATRÍA,2016,12
00017024,HOSPITALIZACIÓN QUIRÚRGICA TRAUMATOLOGÍA Y ORTOPEDIA,2016,12
00008318,HOSPITALIZACIÓN DE MEDICINA MEDICINA INTERNA,2016,11
00005945,HOSPITALIZACIÓN DE PEDIATRÍA PEDIATRÍA GENERAL,2016,9
00005945,HOSPITALIZACIÓN QUIRÚRGICA CIRUGÍA GENERAL,2016,9
00017024,HOSPITALIZACIÓN DE MEDICINA MEDICINA INTERNA,2016,11
00017024,HOSPITALIZACIÓN DE MEDICINA ONCOLOGÍA MÉDICA,2016,11
00017024,HOSPITALIZACIÓN QUIRÚRGICA CIRUGÍA GENERAL,2016,11
00017024,HOSPITALIZACIÓN QUIRÚRGICA UROLOGÍA,2016,11
00018580,HOSPITALIZACIÓN QUIRÚRGICA GINECO - OBSTETRICIA,2016,4
00017024,UNIDAD DE CUIDADOS CRITICOS UNIDAD DE CUIDADOS INTENSIVOS GENERALES (UCI),2016,5
00017024,HOSPITALIZACIÓN QUIRÚRGICA TRAUMATOLOGÍA Y ORTOPEDIA,2016,5
00017024,HOSPITALIZACIÓN QUIRÚRGICA TRAUMATOLOGÍA Y ORTOPEDIA,2016,6
00016094,HOSPITALIZACIÓN QUIRÚRGICA GINECOLOGÍA,2016,5
00005946,HOSPITALIZACIÓN QUIRÚRGICA NEUROCIRUGÍA,2016,11
00005946,HOSPITALIZACIÓN DE MEDICINA PSIQUIATRÍA,2016,11
00005947,CONSULTA EXTERNA-CIRUGÍA PLÁSTICA,2017,3
00005947,HOSPITALIZACIÓN QUIRÚRGICA CIRUGÍA PLÁSTICA/RECONSTRUCTIVA/ REPARADORA,2017,1
00005946,HOSPITALIZACIÓN DE MEDICINA MEDICINA TROPICAL E INFECCIOSAS,2017,3
00005946,HOSPITALIZACIÓN DE PEDIATRÍA PEDIATRIA NEONATOLOGÍA,2017,3
00005946,HOSPITALIZACIÓN QUIRÚRGICA CIRUGÍA DE CABEZA Y CUELLO / MÁXILO FACIAL,2017,3
00005946,HOSPITALIZACIÓN QUIRÚRGICA OBSTETRICIA,2017,3
00005946,HOSPITALIZACIÓN QUIRÚRGICA NEUROCIRUGÍA,2017,3
00005946,HOSPITALIZACIÓN QUIRÚRGICA CIRUGÍA GENERAL,2017,3
00005946,HOSPITALIZACIÓN QUIRÚRGICA CIRUGÍA PEDIÁTRICA,2017,3
00005946,HOSPITALIZACIÓN QUIRÚRGICA OTORRINOLARINGOLOGÍA,2017,3
00005946,HOSPITALIZACIÓN QUIRÚRGICA CIRUGÍA DE TÓRAX Y CARDIOVASCULAR,2017,3
00005946,HOSPITALIZACIÓN DE MEDICINA MEDICINA GENERAL,2017,3
00005946,HOSPITALIZACIÓN-PEDIATRÍA GENERAL-,2017,3
00005946,HOSPITALIZACIÓN QUIRÚRGICA CIRUGÍA PLÁSTICA/RECONSTRUCTIVA/ REPARADORA,2017,3
00005946,HOSPITALIZACIÓN QUIRÚRGICA CIRUGÍA DIGESTIVA,2017,3
00005946,HOSPITALIZACIÓN QUIRÚRGICA TRAUMATOLOGÍA Y ORTOPEDIA,2017,3
00005946,HOSPITALIZACIÓN QUIRÚRGICA GINECOLOGÍA,2017,3
00005946,HOSPITALIZACIÓN QUIRÚRGICA UROLOGÍA,2017,3
00005946,UNIDAD DE CUIDADOS CRITICOS UNIDAD DE CUIDADOS INTENSIVOS GENERALES (UCI),2017,3
00005946,HOSPITALIZACIÓN DE MEDICINA PSIQUIATRÍA,2017,3
00005946,HOSPITALIZACIÓN QUIRÚRGICA CIRUGÍA OFTALMOLÓGICA,2017,9
00005946,HOSPITALIZACIÓN QUIRÚRGICA CIRUGÍA OFTALMOLÓGICA,2017,10
00005945,HOSPITALIZACIÓN QUIRÚRGICA OTORRINOLARINGOLOGÍA,2017,4
00005946,HOSPITALIZACIÓN QUIRÚRGICA CIRUGÍA OFTALMOLÓGICA,2017,11
00016094,HOSPITALIZACIÓN QUIRÚRGICA GINECOLOGÍA,2017,9
00007632,HOSPITALIZACIÓN DE MEDICINA MEDICINA INTERNA,2017,8
00008318,HOSPITALIZACIÓN DE MEDICINA MEDICINA GENERAL,2017,3
00007632,HOSPITALIZACIÓN DE MEDICINA MEDICINA INTERNA,2017,1
00007632,HOSPITALIZACIÓN QUIRÚRGICA OBSTETRICIA,2017,1
00006210,HOSPITALIZACIÓN DE PEDIATRÍA PEDIATRÍA GENERAL,2017,2
00006210,HOSPITALIZACIÓN DE MEDICINA ONCOLOGÍA MÉDICA,2017,2
00006210,HOSPITALIZACIÓN DE MEDICINA ONCOLOGÍA MÉDICA,2017,3
00006210,HOSPITALIZACIÓN DE PEDIATRÍA PEDIATRÍA GENERAL,2017,4
00006210,HOSPITALIZACIÓN DE MEDICINA ONCOLOGÍA MÉDICA,2017,4
00017024,UNIDAD DE CUIDADOS CRITICOS UNIDAD DE CUIDADOS INTENSIVOS GENERALES (UCI),2017,1
00017024,HOSPITALIZACIÓN DE MEDICINA MEDICINA INTERNA,2017,1
00017024,HOSPITALIZACIÓN DE MEDICINA ONCOLOGÍA MÉDICA,2017,1
00017024,HOSPITALIZACIÓN DE MEDICINA PSIQUIATRÍA,2017,1
00017024,HOSPITALIZACIÓN QUIRÚRGICA CIRUGÍA GENERAL,2017,1
00017024,HOSPITALIZACIÓN QUIRÚRGICA CIRUGÍA PLÁSTICA/RECONSTRUCTIVA/ REPARADORA,2017,1
00017024,HOSPITALIZACIÓN QUIRÚRGICA TRAUMATOLOGÍA Y ORTOPEDIA,2017,1
00017024,HOSPITALIZACIÓN QUIRÚRGICA UROLOGÍA,2017,1
00017024,HOSPITALIZACIÓN QUIRÚRGICA GINECOLOGÍA,2017,1
00005945,HOSPITALIZACIÓN DE PEDIATRÍA PEDIATRÍA GENERAL,2017,11
00006210,HOSPITALIZACIÓN QUIRÚRGICA NEUROCIRUGÍA,2017,1
00006210,HOSPITALIZACIÓN DE MEDICINA ONCOLOGÍA MÉDICA,2017,1
00006211,HOSPITALIZACIÓN DE PEDIATRÍA PEDIATRIA NEONATOLOGÍA,2017,1
00005946,HOSPITALIZACIÓN DE PEDIATRÍA PEDIATRÍA GENERAL,2017,1
00005946,HOSPITALIZACIÓN QUIRÚRGICA OBSTETRICIA,2017,1
00005946,HOSPITALIZACIÓN QUIRÚRGICA GINECO - OBSTETRICIA,2017,1
00005946,HOSPITALIZACIÓN QUIRÚRGICA CIRUGÍA PEDIÁTRICA,2017,1
00005946,HOSPITALIZACIÓN QUIRÚRGICA UROLOGÍA,2017,1
00005946,UNIDAD DE CUIDADOS CRITICOS UNIDAD DE CUIDADOS INTERMEDIOS GENERAL (UCIN),2017,1
00009251,HOSPITALIZACIÓN MEDICINA PSIQUIATRÍA PISIQUIATRIA/ SALUD MENTAL Y ADICCIONES,2017,7
00009251,UNIDAD DE CUIDADOS CRITICOS UNIDAD DE CUIDADOS INTENSIVOS (UCI) NEONATOLOGÍA,2017,7
00008318,HOSPITALIZACIÓN DE MEDICINA MEDICINA GENERAL,2017,2
00018580,HOSPITALIZACIÓN QUIRÚRGICA GINECOLOGÍA,2017,3
00005947,HOSPITALIZACIÓN QUIRÚRGICA CIRUGÍA PLÁSTICA/RECONSTRUCTIVA/ REPARADORA,2017,2
00007632,HOSPITALIZACIÓN DE MEDICINA MEDICINA INTERNA,2017,11
00007632,HOSPITALIZACIÓN QUIRÚRGICA OBSTETRICIA,2017,11
00007632,HOSPITALIZACIÓN DE MEDICINA MEDICINA INTERNA,2017,4
00007632,HOSPITALIZACIÓN QUIRÚRGICA OBSTETRICIA,2017,4
00017024,HOSPITALIZACIÓN QUIRÚRGICA CIRUGÍA GENERAL,2017,3
00017024,HOSPITALIZACIÓN DE MEDICINA MEDICINA INTERNA,2017,3
00007632,HOSPITALIZACIÓN QUIRÚRGICA OBSTETRICIA,2017,3
00007632,HOSPITALIZACIÓN QUIRÚRGICA OBSTETRICIA,2017,2
00009251,UNIDAD DE CUIDADOS CRITICOS UNIDAD DE CUIDADOS INTENSIVOS (UCI) NEONATOLOGÍA,2017,8
00005947,HOSPITALIZACIÓN QUIRÚRGICA TRAUMATOLOGÍA Y ORTOPEDIA,2017,9
00005946,HOSPITALIZACIÓN DE MEDICINA PSIQUIATRÍA,2017,11
00007632,HOSPITALIZACIÓN DE MEDICINA MEDICINA INTERNA,2017,6
00007632,HOSPITALIZACIÓN QUIRÚRGICA OBSTETRICIA,2017,6
00009251,HOSPITALIZACIÓN MEDICINA PSIQUIATRÍA PISIQUIATRIA/ SALUD MENTAL Y ADICCIONES,2017,6
00009251,UNIDAD DE CUIDADOS CRITICOS UNIDAD DE CUIDADOS INTENSIVOS (UCI) NEONATOLOGÍA,2017,6
00007632,HOSPITALIZACIÓN QUIRÚRGICA CIRUGÍA GENERAL,2017,10
00007632,HOSPITALIZACIÓN DE MEDICINA MEDICINA INTERNA,2017,10
00007632,HOSPITALIZACIÓN QUIRÚRGICA OBSTETRICIA,2017,10
00006211,HOSPITALIZACIÓN QUIRÚRGICA CIRUGÍA GENERAL,2017,11
00005946,HOSPITALIZACIÓN QUIRÚRGICA UROLOGÍA,2017,8
00007632,HOSPITALIZACIÓN DE MEDICINA MEDICINA INTERNA,2017,12
00007632,HOSPITALIZACIÓN QUIRÚRGICA OBSTETRICIA,2017,12
00009251,UNIDAD DE CUIDADOS CRITICOS UNIDAD DE CUIDADOS INTENSIVOS (UCI) NEONATOLOGÍA,2017,9
00007632,HOSPITALIZACIÓN QUIRÚRGICA OBSTETRICIA,2017,5
00023159,UNIDAD DE CUIDADOS CRITICOS UNIDAD DE CUIDADOS INTENSIVOS GENERALES (UCI),2017,7
00023159,UNIDAD DE CUIDADOS CRITICOS UNIDAD DE CUIDADOS INTENSIVOS (UCI) NEONATOLOGÍA,2017,7
00023159,UNIDAD DE CUIDADOS CRITICOS UNIDAD DE CUIDADOS INTENSIVOS GENERALES (UCI),2017,8
00023159,UNIDAD DE CUIDADOS CRITICOS UNIDAD DE CUIDADOS INTENSIVOS (UCI) NEONATOLOGÍA,2017,8
00005945,HOSPITALIZACIÓN DE PEDIATRÍA PEDIATRIA NEONATOLOGÍA,2017,9
00005945,HOSPITALIZACIÓN QUIRÚRGICA GINECO - OBSTETRICIA,2017,9
00005945,HOSPITALIZACIÓN QUIRÚRGICA UROLOGÍA,2017,9
00007632,HOSPITALIZACIÓN QUIRÚRGICA CIRUGÍA GENERAL,2017,9
00007632,HOSPITALIZACIÓN DE MEDICINA MEDICINA INTERNA,2017,9
00007632,HOSPITALIZACIÓN QUIRÚRGICA OBSTETRICIA,2017,9
00006211,HOSPITALIZACIÓN DE MEDICINA ONCOLOGÍA MÉDICA,2017,10
00006211,HOSPITALIZACIÓN QUIRÚRGICA GINECOLOGÍA,2017,10
00007632,HOSPITALIZACIÓN QUIRÚRGICA OBSTETRICIA,2017,7
00017024,HOSPITALIZACIÓN QUIRÚRGICA CIRUGÍA GENERAL,2017,6
00017024,HOSPITALIZACIÓN QUIRÚRGICA CIRUGÍA PLÁSTICA/RECONSTRUCTIVA/ REPARADORA,2017,6
00017024,HOSPITALIZACIÓN QUIRÚRGICA UROLOGÍA,2017,6
00017024,HOSPITALIZACIÓN DE MEDICINA MEDICINA INTERNA,2017,6
00005945,HOSPITALIZACIÓN QUIRÚRGICA GINECO - OBSTETRICIA,2017,7
00005945,HOSPITALIZACIÓN QUIRÚRGICA CIRUGÍA GENERAL,2017,5
00006210,HOSPITALIZACIÓN DE MEDICINA ONCOLOGÍA MÉDICA,2017,10
00008317,HOSPITALIZACIÓN DE MEDICINA MEDICINA INTERNA,2017,11
00005947,HOSPITALIZACIÓN QUIRÚRGICA CIRUGÍA PLÁSTICA/RECONSTRUCTIVA/ REPARADORA,2017,7
00005945,HOSPITALIZACIÓN DE MEDICINA MEDICINA INTERNA,2017,10
00005945,HOSPITALIZACIÓN QUIRÚRGICA UROLOGÍA,2017,10
00005946,HOSPITALIZACIÓN QUIRÚRGICA NEUROCIRUGÍA,2017,5
00007634,UNIDAD DE CUIDADOS CRITICOS UNIDAD DE CUIDADOS INTENSIVOS GENERALES (UCI),2018,3
00005617,HOSPITALIZACIÓN QUIRÚRGICA OBSTETRICIA,2018,8
00005617,HOSPITALIZACIÓN QUIRÚRGICA CIRUGÍA GENERAL,2018,8
00005617,HOSPITALIZACIÓN QUIRÚRGICA GINECOLOGÍA,2018,8
00005617,HOSPITALIZACIÓN DE PEDIATRÍA PEDIATRIA NEONATOLOGÍA,2018,8
00005617,HOSPITALIZACIÓN-PEDIATRÍA GENERAL-,2018,8
00005617,HOSPITALIZACIÓN DE MEDICINA MEDICINA GENERAL,2018,8
00016094,EMERGENCIA,2018,6
00023159,UNIDAD DE CUIDADOS CRITICOS UNIDAD DE CUIDADOS INTERMEDIOS (UCIN) PEDIÁTRICOS,2018,6
00017024,HOSPITALIZACIÓN QUIRÚRGICA CIRUGÍA OFTALMOLÓGICA,2018,7
00017024,HOSPITALIZACIÓN QUIRÚRGICA CIRUGÍA OFTALMOLÓGICA,2018,8
00005617,HOSPITALIZACIÓN QUIRÚRGICA OBSTETRICIA,2018,12
00005617,HOSPITALIZACIÓN QUIRÚRGICA CIRUGÍA GENERAL,2018,12
00005617,HOSPITALIZACIÓN QUIRÚRGICA GINECOLOGÍA,2018,12
00005617,HOSPITALIZACIÓN DE PEDIATRÍA PEDIATRIA NEONATOLOGÍA,2018,12
00005617,HOSPITALIZACIÓN-PEDIATRÍA GENERAL-,2018,12
00005617,HOSPITALIZACIÓN DE MEDICINA MEDICINA GENERAL,2018,12
00005617,HOSPITALIZACIÓN QUIRÚRGICA OBSTETRICIA,2018,2
00005617,HOSPITALIZACIÓN QUIRÚRGICA CIRUGÍA GENERAL,2018,2
00005617,HOSPITALIZACIÓN QUIRÚRGICA GINECOLOGÍA,2018,2
00005617,HOSPITALIZACIÓN DE PEDIATRÍA PEDIATRIA NEONATOLOGÍA,2018,2
00005617,HOSPITALIZACIÓN-PEDIATRÍA GENERAL-,2018,2
00005617,HOSPITALIZACIÓN DE MEDICINA MEDICINA GENERAL,2018,2
00005617,HOSPITALIZACIÓN QUIRÚRGICA OBSTETRICIA,2018,6
00005617,HOSPITALIZACIÓN QUIRÚRGICA CIRUGÍA GENERAL,2018,6
00005617,HOSPITALIZACIÓN QUIRÚRGICA GINECOLOGÍA,2018,6
00005617,HOSPITALIZACIÓN DE PEDIATRÍA PEDIATRIA NEONATOLOGÍA,2018,6
00005617,HOSPITALIZACIÓN-PEDIATRÍA GENERAL-,2018,6
00005617,HOSPITALIZACIÓN DE MEDICINA MEDICINA GENERAL,2018,6
00005617,HOSPITALIZACIÓN QUIRÚRGICA OBSTETRICIA,2018,7
00005617,HOSPITALIZACIÓN QUIRÚRGICA CIRUGÍA GENERAL,2018,7
00005617,HOSPITALIZACIÓN QUIRÚRGICA GINECOLOGÍA,2018,7
00005617,HOSPITALIZACIÓN DE PEDIATRÍA PEDIATRIA NEONATOLOGÍA,2018,7
00005617,HOSPITALIZACIÓN-PEDIATRÍA GENERAL-,2018,7
00005617,HOSPITALIZACIÓN DE MEDICINA MEDICINA GENERAL,2018,7
00005617,HOSPITALIZACIÓN QUIRÚRGICA OBSTETRICIA,2018,10
00005617,HOSPITALIZACIÓN QUIRÚRGICA CIRUGÍA GENERAL,2018,10
00005617,HOSPITALIZACIÓN QUIRÚRGICA GINECOLOGÍA,2018,10
00005617,HOSPITALIZACIÓN DE PEDIATRÍA PEDIATRIA NEONATOLOGÍA,2018,10
00005617,HOSPITALIZACIÓN-PEDIATRÍA GENERAL-,2018,10
00005617,HOSPITALIZACIÓN DE MEDICINA MEDICINA GENERAL,2018,10
00005617,HOSPITALIZACIÓN QUIRÚRGICA OBSTETRICIA,2018,9
00005617,HOSPITALIZACIÓN QUIRÚRGICA CIRUGÍA GENERAL,2018,9
00005617,HOSPITALIZACIÓN QUIRÚRGICA GINECOLOGÍA,2018,9
00005617,HOSPITALIZACIÓN DE PEDIATRÍA PEDIATRIA NEONATOLOGÍA,2018,9
00005617,HOSPITALIZACIÓN-PEDIATRÍA GENERAL-,2018,9
00005617,HOSPITALIZACIÓN DE MEDICINA MEDICINA GENERAL,2018,9
00008318,HOSPITALIZACIÓN QUIRÚRGICA CIRUGÍA PLÁSTICA/RECONSTRUCTIVA/ REPARADORA QUEMADOS,2018,12
00006211,HOSPITALIZACIÓN QUIRÚRGICA CIRUGÍA GENERAL,2018,7
00005946,HOSPITALIZACIÓN QUIRÚRGICA NEUROCIRUGÍA,2018,1
00005946,HOSPITALIZACIÓN DE MEDICINA PSIQUIATRÍA,2018,1
00005946,HOSPITALIZACIÓN QUIRÚRGICA OBSTETRICIA,2018,1
00005946,UNIDAD DE CUIDADOS CRITICOS UNIDAD DE CUIDADOS INTENSIVOS GENERALES (UCI),2018,1
00006212,HOSPITALIZACIÓN QUIRÚRGICA CIRUGÍA PEDIÁTRICA,2018,1
00007632,HOSPITALIZACIÓN DE MEDICINA MEDICINA INTERNA,2018,1
00007632,HOSPITALIZACIÓN QUIRÚRGICA OBSTETRICIA,2018,1
00006211,HOSPITALIZACIÓN QUIRÚRGICA CIRUGÍA GENERAL,2018,2
00006210,HOSPITALIZACIÓN DE PEDIATRÍA PEDIATRÍA GENERAL,2018,5
00005945,HOSPITALIZACIÓN DE PEDIATRÍA PEDIATRÍA GENERAL,2018,5
00005945,HOSPITALIZACIÓN QUIRÚRGICA GINECO - OBSTETRICIA,2018,5
00007632,HOSPITALIZACIÓN DE MEDICINA MEDICINA INTERNA,2018,5
00007632,HOSPITALIZACIÓN QUIRÚRGICA OBSTETRICIA,2018,5
00005946,HOSPITALIZACIÓN QUIRÚRGICA NEUROCIRUGÍA,2018,5
00007632,HOSPITALIZACIÓN DE MEDICINA MEDICINA INTERNA,2018,4
00007632,HOSPITALIZACIÓN QUIRÚRGICA OBSTETRICIA,2018,4
00005945,HOSPITALIZACIÓN QUIRÚRGICA GINECO - OBSTETRICIA,2018,2
00007632,HOSPITALIZACIÓN QUIRÚRGICA CIRUGÍA GENERAL,2018,2
00007632,HOSPITALIZACIÓN DE MEDICINA MEDICINA INTERNA,2018,2
00007632,HOSPITALIZACIÓN QUIRÚRGICA OBSTETRICIA,2018,2
00023159,HOSPITALIZACIÓN QUIRÚRGICA CIRUGÍA GENERAL,2018,6
00023159,HOSPITALIZACIÓN QUIRÚRGICA GINECOLOGÍA,2018,6
00023159,HOSPITALIZACIÓN QUIRÚRGICA OBSTETRICIA,2018,6
00023159,HOSPITALIZACIÓN DE MEDICINA MEDICINA GENERAL,2018,6
00023159,HOSPITALIZACIÓN DE PEDIATRÍA PEDIATRÍA GENERAL,2018,6
00023159,UNIDAD DE CUIDADOS CRITICOS UNIDAD DE CUIDADOS INTENSIVOS (UCI) NEONATOLOGÍA,2018,6
00023159,UNIDAD DE CUIDADOS CRITICOS UNIDAD DE CUIDADOS INTENSIVOS (UCI) PEDIÁTRICA,2018,6
00006211,HOSPITALIZACIÓN QUIRÚRGICA CIRUGÍA GENERAL,2018,3
00006210,HOSPITALIZACIÓN DE MEDICINA ONCOLOGÍA MÉDICA,2018,3
00005946,HOSPITALIZACIÓN QUIRÚRGICA NEUROCIRUGÍA,2018,3
00007632,HOSPITALIZACIÓN QUIRÚRGICA CIRUGÍA GENERAL,2018,3
00007632,HOSPITALIZACIÓN DE MEDICINA MEDICINA INTERNA,2018,3
00007632,HOSPITALIZACIÓN QUIRÚRGICA OBSTETRICIA,2018,3
00006211,HOSPITALIZACIÓN QUIRÚRGICA CIRUGÍA GENERAL,2018,4
00005946,HOSPITALIZACIÓN DE MEDICINA PSIQUIATRÍA,2018,4
00009188,HOSPITALIZACIÓN DE PEDIATRÍA PEDIATRIA NEONATOLOGÍA,2018,3
00005946,HOSPITALIZACIÓN QUIRÚRGICA OBSTETRICIA,2018,2
00005946,HOSPITALIZACIÓN QUIRÚRGICA NEUROCIRUGÍA,2018,2
00005946,HOSPITALIZACIÓN QUIRÚRGICA UROLOGÍA,2018,2
00008317,HOSPITALIZACIÓN QUIRÚRGICA GINECO - OBSTETRICIA,2018,4
00005945,HOSPITALIZACIÓN QUIRÚRGICA CIRUGÍA GENERAL,2018,4
00023159,UNIDAD DE CUIDADOS CRITICOS UNIDAD DE CUIDADOS INTENSIVOS (UCI) NEONATOLOGÍA,2018,2
00023159,HOSPITALIZACIÓN DE PEDIATRÍA PEDIATRÍA GENERAL,2018,2
00023159,UNIDAD DE CUIDADOS CRITICOS UNIDAD DE CUIDADOS INTENSIVOS GENERALES (UCI),2018,2
00023159,HOSPITALIZACIÓN DE MEDICINA MEDICINA GENERAL,2018,2
00023159,HOSPITALIZACIÓN QUIRÚRGICA CIRUGÍA GENERAL,2018,2
00023159,HOSPITALIZACIÓN QUIRÚRGICA GINECOLOGÍA,2018,2
00023159,UNIDAD DE CUIDADOS CRITICOS UNIDAD DE CUIDADOS INTERMEDIOS GENERAL (UCIN),2018,2
00005945,HOSPITALIZACIÓN DE PEDIATRÍA PEDIATRIA NEONATOLOGÍA,2018,1
00005945,HOSPITALIZACIÓN QUIRÚRGICA CIRUGÍA GENERAL,2018,7
00007632,HOSPITALIZACIÓN QUIRÚRGICA CIRUGÍA GENERAL,2018,7
00007632,HOSPITALIZACIÓN DE MEDICINA MEDICINA INTERNA,2018,7
00005883,HOSPITALIZACIÓN DE MEDICINA MEDICINA GENERAL,2018,6
00006210,HOSPITALIZACIÓN DE MEDICINA ONCOLOGÍA MÉDICA,2018,6
00005883,HOSPITALIZACIÓN DE MEDICINA MEDICINA GENERAL,2018,7
00007632,HOSPITALIZACIÓN DE MEDICINA MEDICINA INTERNA,2018,6
00007632,HOSPITALIZACIÓN QUIRÚRGICA OBSTETRICIA,2018,6
00005946,HOSPITALIZACIÓN QUIRÚRGICA NEUROCIRUGÍA,2018,7
00006210,HOSPITALIZACIÓN DE MEDICINA ONCOLOGÍA MÉDICA,2018,9
00006210,HOSPITALIZACIÓN DE PEDIATRÍA PEDIATRÍA GENERAL,2018,9
00008318,HOSPITALIZACIÓN DE PEDIATRÍA PEDIATRÍA GENERAL,2018,5
00006211,HOSPITALIZACIÓN QUIRÚRGICA GINECOLOGÍA,2018,8
00007632,HOSPITALIZACIÓN DE MEDICINA MEDICINA INTERNA,2018,8
00005945,HOSPITALIZACIÓN QUIRÚRGICA GINECOLOGÍA,2018,8
00007632,HOSPITALIZACIÓN DE MEDICINA MEDICINA INTERNA,2018,9
00007632,HOSPITALIZACIÓN QUIRÚRGICA OBSTETRICIA,2018,9
00005883,HOSPITALIZACIÓN DE MEDICINA MEDICINA GENERAL,2018,9
00006210,HOSPITALIZACIÓN DE MEDICINA ONCOLOGÍA MÉDICA,2018,8
00009188,HOSPITALIZACIÓN QUIRÚRGICA CIRUGÍA GENERAL,2018,10
00023159,HOSPITALIZACIÓN QUIRÚRGICA CIRUGÍA GENERAL,2018,11
00023159,HOSPITALIZACIÓN QUIRÚRGICA OBSTETRICIA,2018,11
00023159,HOSPITALIZACIÓN DE MEDICINA MEDICINA GENERAL,2018,11
00023159,HOSPITALIZACIÓN DE PEDIATRÍA PEDIATRÍA GENERAL,2018,11
00010098,HOSPITALIZACIÓN,2018,12
00006210,HOSPITALIZACIÓN DE MEDICINA ONCOLOGÍA MÉDICA,2018,10
00006210,HOSPITALIZACIÓN DE PEDIATRÍA PEDIATRÍA GENERAL,2018,10
00008318,HOSPITALIZACIÓN QUIRÚRGICA CIRUGÍA GENERAL,2018,11
00023159,HOSPITALIZACIÓN QUIRÚRGICA CIRUGÍA GENERAL,2018,10
00023159,HOSPITALIZACIÓN QUIRÚRGICA GINECOLOGÍA,2018,10
00023159,HOSPITALIZACIÓN QUIRÚRGICA OBSTETRICIA,2018,10
00023159,HOSPITALIZACIÓN DE MEDICINA MEDICINA GENERAL,2018,10
00023159,HOSPITALIZACIÓN DE PEDIATRÍA PEDIATRÍA GENERAL,2018,10
00023159,UNIDAD DE CUIDADOS CRITICOS UNIDAD DE CUIDADOS INTENSIVOS GENERALES (UCI),2018,10
00023159,UNIDAD DE CUIDADOS CRITICOS UNIDAD DE CUIDADOS INTENSIVOS (UCI) NEONATOLOGÍA,2018,10
00023159,UNIDAD DE CUIDADOS CRITICOS UNIDAD DE CUIDADOS INTENSIVOS (UCI) PEDIÁTRICA,2018,10
00023159,HOSPITALIZACIÓN QUIRÚRGICA CIRUGÍA GENERAL,2018,7
00023159,HOSPITALIZACIÓN QUIRÚRGICA GINECOLOGÍA,2018,7
00023159,HOSPITALIZACIÓN DE MEDICINA MEDICINA GENERAL,2018,7
00023159,HOSPITALIZACIÓN DE PEDIATRÍA PEDIATRÍA GENERAL,2018,7
00023159,UNIDAD DE CUIDADOS CRITICOS UNIDAD DE CUIDADOS INTENSIVOS (UCI) PEDIÁTRICA,2018,7
00013591,HOSPITALIZACIÓN QUIRÚRGICA OBSTETRICIA,2018,8
00023159,UNIDAD DE CUIDADOS CRITICOS UNIDAD DE CUIDADOS INTENSIVOS (UCI) NEONATOLOGÍA,2018,1
00023159,HOSPITALIZACIÓN DE PEDIATRÍA PEDIATRÍA GENERAL,2018,1
00023159,UNIDAD DE CUIDADOS CRITICOS UNIDAD DE CUIDADOS INTENSIVOS GENERALES (UCI),2018,1
00023159,HOSPITALIZACIÓN QUIRÚRGICA CIRUGÍA GENERAL,2018,1
00023159,HOSPITALIZACIÓN DE MEDICINA MEDICINA GENERAL,2018,1
00023159,UNIDAD DE CUIDADOS CRITICOS UNIDAD DE CUIDADOS INTERMEDIOS GENERAL (UCIN),2018,1
00005987,UNIDAD DE CUIDADOS CRITICOS UNIDAD DE CUIDADOS INTENSIVOS (UCI) NEONATOLOGÍA,2018,10
00005946,HOSPITALIZACIÓN DE MEDICINA PSIQUIATRÍA,2018,11
00007632,HOSPITALIZACIÓN QUIRÚRGICA CIRUGÍA GENERAL,2018,10
00007632,HOSPITALIZACIÓN DE MEDICINA MEDICINA INTERNA,2018,10
00005883,HOSPITALIZACIÓN DE MEDICINA MEDICINA GENERAL,2018,11
00007632,HOSPITALIZACIÓN QUIRÚRGICA CIRUGÍA GENERAL,2018,11
00007632,HOSPITALIZACIÓN DE MEDICINA MEDICINA INTERNA,2018,11
00006210,HOSPITALIZACIÓN DE MEDICINA ONCOLOGÍA MÉDICA,2018,11
00023159,HOSPITALIZACIÓN QUIRÚRGICA CIRUGÍA GENERAL,2018,4
00023159,HOSPITALIZACIÓN QUIRÚRGICA OBSTETRICIA,2018,4
00023159,HOSPITALIZACIÓN DE MEDICINA MEDICINA GENERAL,2018,4
00023159,HOSPITALIZACIÓN DE PEDIATRÍA PEDIATRÍA GENERAL,2018,4
00023159,UNIDAD DE CUIDADOS CRITICOS UNIDAD DE CUIDADOS INTENSIVOS GENERALES (UCI),2018,4
00023159,UNIDAD DE CUIDADOS CRITICOS UNIDAD DE CUIDADOS INTENSIVOS (UCI) NEONATOLOGÍA,2018,4
00023159,UNIDAD DE CUIDADOS CRITICOS UNIDAD DE CUIDADOS INTENSIVOS (UCI) PEDIÁTRICA,2018,4
00023159,HOSPITALIZACIÓN QUIRÚRGICA CIRUGÍA GENERAL,2018,5
00023159,HOSPITALIZACIÓN DE MEDICINA MEDICINA GENERAL,2018,5
00023159,HOSPITALIZACIÓN DE PEDIATRÍA PEDIATRÍA GENERAL,2018,5
00023159,UNIDAD DE CUIDADOS CRITICOS UNIDAD DE CUIDADOS INTENSIVOS (UCI) NEONATOLOGÍA,2018,5
00023159,UNIDAD DE CUIDADOS CRITICOS UNIDAD DE CUIDADOS INTENSIVOS (UCI) PEDIÁTRICA,2018,5
00010098,HOSPITALIZACIÓN,2018,2
00006211,HOSPITALIZACIÓN DE PEDIATRÍA PEDIATRIA NEONATOLOGÍA,2018,6
00023159,HOSPITALIZACIÓN QUIRÚRGICA CIRUGÍA GENERAL,2018,12
00023159,HOSPITALIZACIÓN QUIRÚRGICA GINECOLOGÍA,2018,12
00023159,HOSPITALIZACIÓN QUIRÚRGICA OBSTETRICIA,2018,12
00023159,HOSPITALIZACIÓN DE MEDICINA MEDICINA GENERAL,2018,12
00023159,HOSPITALIZACIÓN DE PEDIATRÍA PEDIATRÍA GENERAL,2018,12
00023159,UNIDAD DE CUIDADOS CRITICOS UNIDAD DE CUIDADOS INTENSIVOS GENERALES (UCI),2018,12
00010098,HOSPITALIZACIÓN,2018,3
00010098,HOSPITALIZACIÓN,2018,4
00007633,UNIDAD DE CUIDADOS CRITICOS UNIDAD DE CUIDADOS INTENSIVOS (UCI) NEONATOLOGÍA,2018,3
00023159,HOSPITALIZACIÓN QUIRÚRGICA GINECOLOGÍA,2018,8
00023159,HOSPITALIZACIÓN QUIRÚRGICA OBSTETRICIA,2018,8
00023159,HOSPITALIZACIÓN DE MEDICINA MEDICINA GENERAL,2018,8
00023159,HOSPITALIZACIÓN DE PEDIATRÍA PEDIATRÍA GENERAL,2018,8
00023159,UNIDAD DE CUIDADOS CRITICOS UNIDAD DE CUIDADOS INTENSIVOS GENERALES (UCI),2018,8
00007632,HOSPITALIZACIÓN DE MEDICINA MEDICINA INTERNA,2018,12
00023159,HOSPITALIZACIÓN QUIRÚRGICA CIRUGÍA GENERAL,2018,9
00023159,HOSPITALIZACIÓN QUIRÚRGICA GINECOLOGÍA,2018,9
00023159,HOSPITALIZACIÓN QUIRÚRGICA OBSTETRICIA,2018,9
00023159,HOSPITALIZACIÓN DE MEDICINA MEDICINA GENERAL,2018,9
00023159,HOSPITALIZACIÓN DE PEDIATRÍA PEDIATRÍA GENERAL,2018,9
00023159,UNIDAD DE CUIDADOS CRITICOS UNIDAD DE CUIDADOS INTENSIVOS (UCI) NEONATOLOGÍA,2018,9
7632,HOSPITALIZACIÓN QUIRÚRGICA CIRUGÍA GENERAL,2019,1
7632,HOSPITALIZACIÓN DE MEDICINA MEDICINA INTERNA,2019,1
7632,HOSPITALIZACIÓN QUIRÚRGICA CIRUGÍA GENERAL,2019,2
7632,HOSPITALIZACIÓN DE MEDICINA MEDICINA INTERNA,2019,2
5946,HOSPITALIZACIÓN DE MEDICINA PSIQUIATRÍA,2019,2
5883,HOSPITALIZACIÓN DE MEDICINA MEDICINA GENERAL,2019,1
5946,HOSPITALIZACIÓN QUIRÚRGICA CIRUGÍA PEDIÁTRICA,2019,1
5946,HOSPITALIZACIÓN QUIRÚRGICA OTORRINOLARINGOLOGÍA,2019,1
5946,UNIDAD DE CUIDADOS CRITICOS UNIDAD DE CUIDADOS INTENSIVOS GENERALES (UCI),2019,1
8318,HOSPITALIZACIÓN QUIRÚRGICA CIRUGÍA GENERAL,2019,1
6211,HOSPITALIZACIÓN DE MEDICINA MEDICINA GENERAL,2019,2
6211,HOSPITALIZACIÓN QUIRÚRGICA CIRUGÍA GENERAL,2019,2
6210,HOSPITALIZACIÓN DE MEDICINA ONCOLOGÍA MÉDICA,2019,3
5883,HOSPITALIZACIÓN DE MEDICINA MEDICINA GENERAL,2019,3
7632,HOSPITALIZACIÓN QUIRÚRGICA CIRUGÍA GENERAL,2019,3
7632,HOSPITALIZACIÓN DE MEDICINA MEDICINA INTERNA,2019,3
5945,HOSPITALIZACIÓN QUIRÚRGICA UROLOGÍA,2019,3
8318,HOSPITALIZACIÓN QUIRÚRGICA GINECOLOGÍA,2019,3
6211,HOSPITALIZACIÓN QUIRÚRGICA GINECOLOGÍA,2019,4
8318,HOSPITALIZACIÓN QUIRÚRGICA CIRUGÍA GENERAL,2019,4
7632,HOSPITALIZACIÓN DE MEDICINA MEDICINA INTERNA,2019,4
7632,HOSPITALIZACIÓN QUIRÚRGICA OBSTETRICIA,2019,4
8317,HOSPITALIZACIÓN DE PEDIATRÍA PEDIATRÍA GENERAL,2019,3
6210,HOSPITALIZACIÓN DE PEDIATRÍA PEDIATRÍA GENERAL,2019,1
7632,HOSPITALIZACIÓN DE MEDICINA MEDICINA INTERNA,2019,5
7632,HOSPITALIZACIÓN QUIRÚRGICA OBSTETRICIA,2019,5
5945,HOSPITALIZACIÓN DE PEDIATRÍA PEDIATRÍA GENERAL,2019,6
5945,HOSPITALIZACIÓN QUIRÚRGICA GINECO - OBSTETRICIA,2019,6
5946,HOSPITALIZACIÓN QUIRÚRGICA OBSTETRICIA,2019,7
6210,HOSPITALIZACIÓN DE MEDICINA ONCOLOGÍA MÉDICA,2019,1
6211,HOSPITALIZACIÓN QUIRÚRGICA CIRUGÍA GENERAL,2019,5
6211,HOSPITALIZACIÓN QUIRÚRGICA CIRUGÍA GENERAL,2019,7
5945,HOSPITALIZACIÓN DE PEDIATRÍA PEDIATRÍA GENERAL,2019,7
7632,HOSPITALIZACIÓN QUIRÚRGICA OBSTETRICIA,2019,6
7632,HOSPITALIZACIÓN DE MEDICINA MEDICINA INTERNA,2019,6
7632,HOSPITALIZACIÓN DE MEDICINA MEDICINA INTERNA,2019,7
7632,HOSPITALIZACIÓN QUIRÚRGICA GINECOLOGÍA,2019,7
9251,UNIDAD DE CUIDADOS CRITICOS UNIDAD DE CUIDADOS INTENSIVOS (UCI) NEONATOLOGÍA,2019,9
9251,UNIDAD DE CUIDADOS CRITICOS UNIDAD DE CUIDADOS INTENSIVOS (UCI) NEONATOLOGÍA,2019,8
7632,HOSPITALIZACIÓN DE MEDICINA MEDICINA INTERNA,2019,8
7632,HOSPITALIZACIÓN QUIRÚRGICA OBSTETRICIA,2019,8
6211,HOSPITALIZACIÓN QUIRÚRGICA CIRUGÍA GENERAL,2019,9
6211,HOSPITALIZACIÓN QUIRÚRGICA GINECOLOGÍA,2019,9
5946,HOSPITALIZACIÓN QUIRÚRGICA OBSTETRICIA,2019,8
5946,HOSPITALIZACIÓN QUIRÚRGICA UROLOGÍA,2019,8
5945,HOSPITALIZACIÓN DE MEDICINA MEDICINA INTERNA,2019,8
00008318,HOSPITALIZACIÓN DE MEDICINA MEDICINA GENERAL,2020,10
00005883,HOSPITALIZACIÓN DE MEDICINA MEDICINA GENERAL,2020,4
00008318,HOSPITALIZACIÓN DE MEDICINA MEDICINA GENERAL,2021,1
00008318,HOSPITALIZACIÓN DE MEDICINA MEDICINA GENERAL,2021,3
00008318,HOSPITALIZACIÓN DE MEDICINA MEDICINA GENERAL,2021,2
00008318,HOSPITALIZACIÓN DE MEDICINA MEDICINA GENERAL,2021,4
00006210,HOSPITALIZACIÓN DE PEDIATRÍA PEDIATRIA ONCOLOGÍA PEDIÁTRICA,2021,10
00009188,HOSPITALIZACIÓN DE MEDICINA MEDICINA GENERAL,2021,11
00006206,HOSPITALIZACIÓN DE MEDICINA MEDICINA GENERAL,2022,3
00007634,HOSPITALIZACIÓN DE MEDICINA MEDICINA INTERNA,2022,6
00007634,HOSPITALIZACIÓN DE MEDICINA MEDICINA INTERNA,2022,7
00008318,HOSPITALIZACIÓN DE MEDICINA MEDICINA GENERAL,2022,12
00010135,HOSPITALIZACIÓN DE MEDICINA MEDICINA GENERAL,2023,4
