anio_prueba,n_test,log_loss,brier_multiclase,confianza_media_maxima,accuracy_argmax,brecha_confianza_accuracy,ece_clase_0,brier_clase_0,clase,bin,limite_inferior,limite_superior,ultimo_bin_incluye_1,n_bin,probabilidad_media,frecuencia_observada,ece_clase,brier_clase,ece_clase_1,brier_clase_1,ece_clase_2,brier_clase_2,ece_macro,alerta_calibracion,observacion,test_sha256,probabilidades_sha256
2018,4292,0.617826206547055,0.35829003555388167,0.7483483854288935,0.7292637465051258,0.01908463892376766,0.015900756161349002,0.09445977614655325,0,0,0.0,0.1,False,2068,0.027233777857938155,0.020309477756286266,0.015900756161349002,0.09445977614655325,0.0400528350684081,0.14388575533651873,0.050565456828610855,0.11994450407080964,0.03550634935278932,False,"Sin alerta según criterio exploratorio; no demuestra probabilidades calibradas, especialmente con muestras pequeñas.",9ed833ef2ca13459e0be1cc9a3797134fe3bd383cee7f256534e2624ea225cbb,6fd72a158b5f7a63271dd92408629db11d7f64a7da327c0669de84f466bb9413
2018,4292,0.617826206547055,0.35829003555388167,0.7483483854288935,0.7292637465051258,0.01908463892376766,0.015900756161349002,0.09445977614655325,0,1,0.1,0.2,False,460,0.145823259635464,0.16304347826086957,0.015900756161349002,0.09445977614655325,0.0400528350684081,0.14388575533651873,0.050565456828610855,0.11994450407080964,0.03550634935278932,False,"Sin alerta según criterio exploratorio; no demuestra probabilidades calibradas, especialmente con muestras pequeñas.",9ed833ef2ca13459e0be1cc9a3797134fe3bd383cee7f256534e2624ea225cbb,6fd72a158b5f7a63271dd92408629db11d7f64a7da327c0669de84f466bb9413
2018,4292,0.617826206547055,0.35829003555388167,0.7483483854288935,0.7292637465051258,0.01908463892376766,0.015900756161349002,0.09445977614655325,0,2,0.2,0.3,False,309,0.24940188716144623,0.2588996763754045,0.015900756161349002,0.09445977614655325,0.0400528350684081,0.14388575533651873,0.050565456828610855,0.11994450407080964,0.03550634935278932,False,"Sin alerta según criterio exploratorio; no demuestra probabilidades calibradas, especialmente con muestras pequeñas.",9ed833ef2ca13459e0be1cc9a3797134fe3bd383cee7f256534e2624ea225cbb,6fd72a158b5f7a63271dd92408629db11d7f64a7da327c0669de84f466bb9413
2018,4292,0.617826206547055,0.35829003555388167,0.7483483854288935,0.7292637465051258,0.01908463892376766,0.015900756161349002,0.09445977614655325,0,3,0.3,0.4,False,188,0.3489415631332296,0.3404255319148936,0.015900756161349002,0.09445977614655325,0.0400528350684081,0.14388575533651873,0.050565456828610855,0.11994450407080964,0.03550634935278932,False,"Sin alerta según criterio exploratorio; no demuestra probabilidades calibradas, especialmente con muestras pequeñas.",9ed833ef2ca13459e0be1cc9a3797134fe3bd383cee7f256534e2624ea225cbb,6fd72a158b5f7a63271dd92408629db11d7f64a7da327c0669de84f466bb9413
2018,4292,0.617826206547055,0.35829003555388167,0.7483483854288935,0.7292637465051258,0.01908463892376766,0.015900756161349002,0.09445977614655325,0,4,0.4,0.5,False,196,0.45042825946394277,0.4387755102040816,0.015900756161349002,0.09445977614655325,0.0400528350684081,0.14388575533651873,0.050565456828610855,0.11994450407080964,0.03550634935278932,False,"Sin alerta según criterio exploratorio; no demuestra probabilidades calibradas, especialmente con muestras pequeñas.",9ed833ef2ca13459e0be1cc9a3797134fe3bd383cee7f256534e2624ea225cbb,6fd72a158b5f7a63271dd92408629db11d7f64a7da327c0669de84f466bb9413
2018,4292,0.617826206547055,0.35829003555388167,0.7483483854288935,0.7292637465051258,0.01908463892376766,0.015900756161349002,0.09445977614655325,0,5,0.5,0.6,False,144,0.5507848573227724,0.5277777777777778,0.015900756161349002,0.09445977614655325,0.0400528350684081,0.14388575533651873,0.050565456828610855,0.11994450407080964,0.03550634935278932,False,"Sin alerta según criterio exploratorio; no demuestra probabilidades calibradas, especialmente con muestras pequeñas.",9ed833ef2ca13459e0be1cc9a3797134fe3bd383cee7f256534e2624ea225cbb,6fd72a158b5f7a63271dd92408629db11d7f64a7da327c0669de84f466bb9413
2018,4292,0.617826206547055,0.35829003555388167,0.7483483854288935,0.7292637465051258,0.01908463892376766,0.015900756161349002,0.09445977614655325,0,6,0.6,0.7,False,140,0.6488260694912502,0.5785714285714286,0.015900756161349002,0.09445977614655325,0.0400528350684081,0.14388575533651873,0.050565456828610855,0.11994450407080964,0.03550634935278932,False,"Sin alerta según criterio exploratorio; no demuestra probabilidades calibradas, especialmente con muestras pequeñas.",9ed833ef2ca13459e0be1cc9a3797134fe3bd383cee7f256534e2624ea225cbb,6fd72a158b5f7a63271dd92408629db11d7f64a7da327c0669de84f466bb9413
2018,4292,0.617826206547055,0.35829003555388167,0.7483483854288935,0.7292637465051258,0.01908463892376766,0.015900756161349002,0.09445977614655325,0,7,0.7,0.8,False,137,0.7518092024065283,0.7007299270072993,0.015900756161349002,0.09445977614655325,0.0400528350684081,0.14388575533651873,0.050565456828610855,0.11994450407080964,0.03550634935278932,False,"Sin alerta según criterio exploratorio; no demuestra probabilidades calibradas, especialmente con muestras pequeñas.",9ed833ef2ca13459e0be1cc9a3797134fe3bd383cee7f256534e2624ea225cbb,6fd72a158b5f7a63271dd92408629db11d7f64a7da327c0669de84f466bb9413
2018,4292,0.617826206547055,0.35829003555388167,0.7483483854288935,0.7292637465051258,0.01908463892376766,0.015900756161349002,0.09445977614655325,0,8,0.8,0.9,False,189,0.8543483072487765,0.7777777777777778,0.015900756161349002,0.09445977614655325,0.0400528350684081,0.14388575533651873,0.050565456828610855,0.11994450407080964,0.03550634935278932,False,"Sin alerta según criterio exploratorio; no demuestra probabilidades calibradas, especialmente con muestras pequeñas.",9ed833ef2ca13459e0be1cc9a3797134fe3bd383cee7f256534e2624ea225cbb,6fd72a158b5f7a63271dd92408629db11d7f64a7da327c0669de84f466bb9413
2018,4292,0.617826206547055,0.35829003555388167,0.7483483854288935,0.7292637465051258,0.01908463892376766,0.015900756161349002,0.09445977614655325,0,9,0.9,1.0,True,461,0.9643539320879541,0.9544468546637744,0.015900756161349002,0.09445977614655325,0.0400528350684081,0.14388575533651873,0.050565456828610855,0.11994450407080964,0.03550634935278932,False,"Sin alerta según criterio exploratorio; no demuestra probabilidades calibradas, especialmente con muestras pequeñas.",9ed833ef2ca13459e0be1cc9a3797134fe3bd383cee7f256534e2624ea225cbb,6fd72a158b5f7a63271dd92408629db11d7f64a7da327c0669de84f466bb9413
2018,4292,0.617826206547055,0.35829003555388167,0.7483483854288935,0.7292637465051258,0.01908463892376766,0.015900756161349002,0.09445977614655325,1,0,0.0,0.1,False,1530,0.03555672518388533,0.034640522875816995,0.0400528350684081,0.14388575533651873,0.0400528350684081,0.14388575533651873,0.050565456828610855,0.11994450407080964,0.03550634935278932,False,"Sin alerta según criterio exploratorio; no demuestra probabilidades calibradas, especialmente con muestras pequeñas.",9ed833ef2ca13459e0be1cc9a3797134fe3bd383cee7f256534e2624ea225cbb,6fd72a158b5f7a63271dd92408629db11d7f64a7da327c0669de84f466bb9413
2018,4292,0.617826206547055,0.35829003555388167,0.7483483854288935,0.7292637465051258,0.01908463892376766,0.015900756161349002,0.09445977614655325,1,1,0.1,0.2,False,557,0.14756271513295988,0.14721723518850988,0.0400528350684081,0.14388575533651873,0.0400528350684081,0.14388575533651873,0.050565456828610855,0.11994450407080964,0.03550634935278932,False,"Sin alerta según criterio exploratorio; no demuestra probabilidades calibradas, especialmente con muestras pequeñas.",9ed833ef2ca13459e0be1cc9a3797134fe3bd383cee7f256534e2624ea225cbb,6fd72a158b5f7a63271dd92408629db11d7f64a7da327c0669de84f466bb9413
2018,4292,0.617826206547055,0.35829003555388167,0.7483483854288935,0.7292637465051258,0.01908463892376766,0.015900756161349002,0.09445977614655325,1,2,0.2,0.3,False,398,0.25064965124106287,0.21608040201005024,0.0400528350684081,0.14388575533651873,0.0400528350684081,0.14388575533651873,0.050565456828610855,0.11994450407080964,0.03550634935278932,False,"Sin alerta según criterio exploratorio; no demuestra probabilidades calibradas, especialmente con muestras pequeñas.",9ed833ef2ca13459e0be1cc9a3797134fe3bd383cee7f256534e2624ea225cbb,6fd72a158b5f7a63271dd92408629db11d7f64a7da327c0669de84f466bb9413
2018,4292,0.617826206547055,0.35829003555388167,0.7483483854288935,0.7292637465051258,0.01908463892376766,0.015900756161349002,0.09445977614655325,1,3,0.3,0.4,False,381,0.3511359305206559,0.30446194225721784,0.0400528350684081,0.14388575533651873,0.0400528350684081,0.14388575533651873,0.050565456828610855,0.11994450407080964,0.03550634935278932,False,"Sin alerta según criterio exploratorio; no demuestra probabilidades calibradas, especialmente con muestras pequeñas.",9ed833ef2ca13459e0be1cc9a3797134fe3bd383cee7f256534e2624ea225cbb,6fd72a158b5f7a63271dd92408629db11d7f64a7da327c0669de84f466bb9413
2018,4292,0.617826206547055,0.35829003555388167,0.7483483854288935,0.7292637465051258,0.01908463892376766,0.015900756161349002,0.09445977614655325,1,4,0.4,0.5,False,464,0.44864663430329027,0.3577586206896552,0.0400528350684081,0.14388575533651873,0.0400528350684081,0.14388575533651873,0.050565456828610855,0.11994450407080964,0.03550634935278932,False,"Sin alerta según criterio exploratorio; no demuestra probabilidades calibradas, especialmente con muestras pequeñas.",9ed833ef2ca13459e0be1cc9a3797134fe3bd383cee7f256534e2624ea225cbb,6fd72a158b5f7a63271dd92408629db11d7f64a7da327c0669de84f466bb9413
2018,4292,0.617826206547055,0.35829003555388167,0.7483483854288935,0.7292637465051258,0.01908463892376766,0.015900756161349002,0.09445977614655325,1,5,0.5,0.6,False,417,0.5485758269719369,0.4412470023980815,0.0400528350684081,0.14388575533651873,0.0400528350684081,0.14388575533651873,0.050565456828610855,0.11994450407080964,0.03550634935278932,False,"Sin alerta según criterio exploratorio; no demuestra probabilidades calibradas, especialmente con muestras pequeñas.",9ed833ef2ca13459e0be1cc9a3797134fe3bd383cee7f256534e2624ea225cbb,6fd72a158b5f7a63271dd92408629db11d7f64a7da327c0669de84f466bb9413
2018,4292,0.617826206547055,0.35829003555388167,0.7483483854288935,0.7292637465051258,0.01908463892376766,0.015900756161349002,0.09445977614655325,1,6,0.6,0.7,False,322,0.6478068882263965,0.5341614906832298,0.0400528350684081,0.14388575533651873,0.0400528350684081,0.14388575533651873,0.050565456828610855,0.11994450407080964,0.03550634935278932,False,"Sin alerta según criterio exploratorio; no demuestra probabilidades calibradas, especialmente con muestras pequeñas.",9ed833ef2ca13459e0be1cc9a3797134fe3bd383cee7f256534e2624ea225cbb,6fd72a158b5f7a63271dd92408629db11d7f64a7da327c0669de84f466bb9413
2018,4292,0.617826206547055,0.35829003555388167,0.7483483854288935,0.7292637465051258,0.01908463892376766,0.015900756161349002,0.09445977614655325,1,7,0.7,0.8,False,173,0.7430196642186601,0.6589595375722543,0.0400528350684081,0.14388575533651873,0.0400528350684081,0.14388575533651873,0.050565456828610855,0.11994450407080964,0.03550634935278932,False,"Sin alerta según criterio exploratorio; no demuestra probabilidades calibradas, especialmente con muestras pequeñas.",9ed833ef2ca13459e0be1cc9a3797134fe3bd383cee7f256534e2624ea225cbb,6fd72a158b5f7a63271dd92408629db11d7f64a7da327c0669de84f466bb9413
2018,4292,0.617826206547055,0.35829003555388167,0.7483483854288935,0.7292637465051258,0.01908463892376766,0.015900756161349002,0.09445977614655325,1,8,0.8,0.9,False,48,0.8427529657880465,0.8541666666666666,0.0400528350684081,0.14388575533651873,0.0400528350684081,0.14388575533651873,0.050565456828610855,0.11994450407080964,0.03550634935278932,False,"Sin alerta según criterio exploratorio; no demuestra probabilidades calibradas, especialmente con muestras pequeñas.",9ed833ef2ca13459e0be1cc9a3797134fe3bd383cee7f256534e2624ea225cbb,6fd72a158b5f7a63271dd92408629db11d7f64a7da327c0669de84f466bb9413
2018,4292,0.617826206547055,0.35829003555388167,0.7483483854288935,0.7292637465051258,0.01908463892376766,0.015900756161349002,0.09445977614655325,1,9,0.9,1.0,True,2,0.9205200970172882,1.0,0.0400528350684081,0.14388575533651873,0.0400528350684081,0.14388575533651873,0.050565456828610855,0.11994450407080964,0.03550634935278932,False,"Sin alerta según criterio exploratorio; no demuestra probabilidades calibradas, especialmente con muestras pequeñas.",9ed833ef2ca13459e0be1cc9a3797134fe3bd383cee7f256534e2624ea225cbb,6fd72a158b5f7a63271dd92408629db11d7f64a7da327c0669de84f466bb9413
2018,4292,0.617826206547055,0.35829003555388167,0.7483483854288935,0.7292637465051258,0.01908463892376766,0.015900756161349002,0.09445977614655325,2,0,0.0,0.1,False,1273,0.03217236508235982,0.06441476826394343,0.050565456828610855,0.11994450407080964,0.0400528350684081,0.14388575533651873,0.050565456828610855,0.11994450407080964,0.03550634935278932,False,"Sin alerta según criterio exploratorio; no demuestra probabilidades calibradas, especialmente con muestras pequeñas.",9ed833ef2ca13459e0be1cc9a3797134fe3bd383cee7f256534e2624ea225cbb,6fd72a158b5f7a63271dd92408629db11d7f64a7da327c0669de84f466bb9413
2018,4292,0.617826206547055,0.35829003555388167,0.7483483854288935,0.7292637465051258,0.01908463892376766,0.015900756161349002,0.09445977614655325,2,1,0.1,0.2,False,438,0.14562063039914114,0.22602739726027396,0.050565456828610855,0.11994450407080964,0.0400528350684081,0.14388575533651873,0.050565456828610855,0.11994450407080964,0.03550634935278932,False,"Sin alerta según criterio exploratorio; no demuestra probabilidades calibradas, especialmente con muestras pequeñas.",9ed833ef2ca13459e0be1cc9a3797134fe3bd383cee7f256534e2624ea225cbb,6fd72a158b5f7a63271dd92408629db11d7f64a7da327c0669de84f466bb9413
2018,4292,0.617826206547055,0.35829003555388167,0.7483483854288935,0.7292637465051258,0.01908463892376766,0.015900756161349002,0.09445977614655325,2,2,0.2,0.3,False,366,0.24716928947330172,0.3469945355191257,0.050565456828610855,0.11994450407080964,0.0400528350684081,0.14388575533651873,0.050565456828610855,0.11994450407080964,0.03550634935278932,False,"Sin alerta según criterio exploratorio; no demuestra probabilidades calibradas, especialmente con muestras pequeñas.",9ed833ef2ca13459e0be1cc9a3797134fe3bd383cee7f256534e2624ea225cbb,6fd72a158b5f7a63271dd92408629db11d7f64a7da327c0669de84f466bb9413
2018,4292,0.617826206547055,0.35829003555388167,0.7483483854288935,0.7292637465051258,0.01908463892376766,0.015900756161349002,0.09445977614655325,2,3,0.3,0.4,False,242,0.3485334046369742,0.45867768595041325,0.050565456828610855,0.11994450407080964,0.0400528350684081,0.14388575533651873,0.050565456828610855,0.11994450407080964,0.03550634935278932,False,"Sin alerta según criterio exploratorio; no demuestra probabilidades calibradas, especialmente con muestras pequeñas.",9ed833ef2ca13459e0be1cc9a3797134fe3bd383cee7f256534e2624ea225cbb,6fd72a158b5f7a63271dd92408629db11d7f64a7da327c0669de84f466bb9413
2018,4292,0.617826206547055,0.35829003555388167,0.7483483854288935,0.7292637465051258,0.01908463892376766,0.015900756161349002,0.09445977614655325,2,4,0.4,0.5,False,178,0.4475718296310875,0.47752808988764045,0.050565456828610855,0.11994450407080964,0.0400528350684081,0.14388575533651873,0.050565456828610855,0.11994450407080964,0.03550634935278932,False,"Sin alerta según criterio exploratorio; no demuestra probabilidades calibradas, especialmente con muestras pequeñas.",9ed833ef2ca13459e0be1cc9a3797134fe3bd383cee7f256534e2624ea225cbb,6fd72a158b5f7a63271dd92408629db11d7f64a7da327c0669de84f466bb9413
2018,4292,0.617826206547055,0.35829003555388167,0.7483483854288935,0.7292637465051258,0.01908463892376766,0.015900756161349002,0.09445977614655325,2,5,0.5,0.6,False,188,0.5516056513532679,0.675531914893617,0.050565456828610855,0.11994450407080964,0.0400528350684081,0.14388575533651873,0.050565456828610855,0.11994450407080964,0.03550634935278932,False,"Sin alerta según criterio exploratorio; no demuestra probabilidades calibradas, especialmente con muestras pequeñas.",9ed833ef2ca13459e0be1cc9a3797134fe3bd383cee7f256534e2624ea225cbb,6fd72a158b5f7a63271dd92408629db11d7f64a7da327c0669de84f466bb9413
2018,4292,0.617826206547055,0.35829003555388167,0.7483483854288935,0.7292637465051258,0.01908463892376766,0.015900756161349002,0.09445977614655325,2,6,0.6,0.7,False,175,0.6516285232135228,0.7257142857142858,0.050565456828610855,0.11994450407080964,0.0400528350684081,0.14388575533651873,0.050565456828610855,0.11994450407080964,0.03550634935278932,False,"Sin alerta según criterio exploratorio; no demuestra probabilidades calibradas, especialmente con muestras pequeñas.",9ed833ef2ca13459e0be1cc9a3797134fe3bd383cee7f256534e2624ea225cbb,6fd72a158b5f7a63271dd92408629db11d7f64a7da327c0669de84f466bb9413
2018,4292,0.617826206547055,0.35829003555388167,0.7483483854288935,0.7292637465051258,0.01908463892376766,0.015900756161349002,0.09445977614655325,2,7,0.7,0.8,False,225,0.7566118004586961,0.8,0.050565456828610855,0.11994450407080964,0.0400528350684081,0.14388575533651873,0.050565456828610855,0.11994450407080964,0.03550634935278932,False,"Sin alerta según criterio exploratorio; no demuestra probabilidades calibradas, especialmente con muestras pequeñas.",9ed833ef2ca13459e0be1cc9a3797134fe3bd383cee7f256534e2624ea225cbb,6fd72a158b5f7a63271dd92408629db11d7f64a7da327c0669de84f466bb9413
2018,4292,0.617826206547055,0.35829003555388167,0.7483483854288935,0.7292637465051258,0.01908463892376766,0.015900756161349002,0.09445977614655325,2,8,0.8,0.9,False,305,0.8525237396115163,0.8786885245901639,0.050565456828610855,0.11994450407080964,0.0400528350684081,0.14388575533651873,0.050565456828610855,0.11994450407080964,0.03550634935278932,False,"Sin alerta según criterio exploratorio; no demuestra probabilidades calibradas, especialmente con muestras pequeñas.",9ed833ef2ca13459e0be1cc9a3797134fe3bd383cee7f256534e2624ea225cbb,6fd72a158b5f7a63271dd92408629db11d7f64a7da327c0669de84f466bb9413
2018,4292,0.617826206547055,0.35829003555388167,0.7483483854288935,0.7292637465051258,0.01908463892376766,0.015900756161349002,0.09445977614655325,2,9,0.9,1.0,True,902,0.9587192053012468,0.9789356984478935,0.050565456828610855,0.11994450407080964,0.0400528350684081,0.14388575533651873,0.050565456828610855,0.11994450407080964,0.03550634935278932,False,"Sin alerta según criterio exploratorio; no demuestra probabilidades calibradas, especialmente con muestras pequeñas.",9ed833ef2ca13459e0be1cc9a3797134fe3bd383cee7f256534e2624ea225cbb,6fd72a158b5f7a63271dd92408629db11d7f64a7da327c0669de84f466bb9413
2021,3996,0.6337498730532273,0.35760615233163673,0.724191395981653,0.741991991991992,-0.0178005960103389,0.014672095173197496,0.10949244847357621,0,0,0.0,0.1,False,1117,0.03874578750850725,0.03939122649955237,0.014672095173197496,0.10949244847357621,0.06100425943340715,0.1279124236907913,0.06399138596813052,0.12020128016726923,0.04655591352491172,False,"Sin alerta según criterio exploratorio; no demuestra probabilidades calibradas, especialmente con muestras pequeñas.",59884a8ccf437f401ddb72f4e24a89939dd62a977db9fc8d5b22a6f4ebeed342,7790a926d7e11a868dc5a374b0ba034036111894f4d11b95c604db2170380c80
2021,3996,0.6337498730532273,0.35760615233163673,0.724191395981653,0.741991991991992,-0.0178005960103389,0.014672095173197496,0.10949244847357621,0,1,0.1,0.2,False,510,0.14652183102626426,0.10980392156862745,0.014672095173197496,0.10949244847357621,0.06100425943340715,0.1279124236907913,0.06399138596813052,0.12020128016726923,0.04655591352491172,False,"Sin alerta según criterio exploratorio; no demuestra probabilidades calibradas, especialmente con muestras pequeñas.",59884a8ccf437f401ddb72f4e24a89939dd62a977db9fc8d5b22a6f4ebeed342,7790a926d7e11a868dc5a374b0ba034036111894f4d11b95c604db2170380c80
2021,3996,0.6337498730532273,0.35760615233163673,0.724191395981653,0.741991991991992,-0.0178005960103389,0.014672095173197496,0.10949244847357621,0,2,0.2,0.3,False,344,0.24705526341012743,0.22674418604651161,0.014672095173197496,0.10949244847357621,0.06100425943340715,0.1279124236907913,0.06399138596813052,0.12020128016726923,0.04655591352491172,False,"Sin alerta según criterio exploratorio; no demuestra probabilidades calibradas, especialmente con muestras pequeñas.",59884a8ccf437f401ddb72f4e24a89939dd62a977db9fc8d5b22a6f4ebeed342,7790a926d7e11a868dc5a374b0ba034036111894f4d11b95c604db2170380c80
2021,3996,0.6337498730532273,0.35760615233163673,0.724191395981653,0.741991991991992,-0.0178005960103389,0.014672095173197496,0.10949244847357621,0,3,0.3,0.4,False,241,0.3475045543241303,0.34024896265560167,0.014672095173197496,0.10949244847357621,0.06100425943340715,0.1279124236907913,0.06399138596813052,0.12020128016726923,0.04655591352491172,False,"Sin alerta según criterio exploratorio; no demuestra probabilidades calibradas, especialmente con muestras pequeñas.",59884a8ccf437f401ddb72f4e24a89939dd62a977db9fc8d5b22a6f4ebeed342,7790a926d7e11a868dc5a374b0ba034036111894f4d11b95c604db2170380c80
2021,3996,0.6337498730532273,0.35760615233163673,0.724191395981653,0.741991991991992,-0.0178005960103389,0.014672095173197496,0.10949244847357621,0,4,0.4,0.5,False,210,0.4505291165340514,0.41904761904761906,0.014672095173197496,0.10949244847357621,0.06100425943340715,0.1279124236907913,0.06399138596813052,0.12020128016726923,0.04655591352491172,False,"Sin alerta según criterio exploratorio; no demuestra probabilidades calibradas, especialmente con muestras pequeñas.",59884a8ccf437f401ddb72f4e24a89939dd62a977db9fc8d5b22a6f4ebeed342,7790a926d7e11a868dc5a374b0ba034036111894f4d11b95c604db2170380c80
2021,3996,0.6337498730532273,0.35760615233163673,0.724191395981653,0.741991991991992,-0.0178005960103389,0.014672095173197496,0.10949244847357621,0,5,0.5,0.6,False,182,0.5465656813684401,0.5439560439560439,0.014672095173197496,0.10949244847357621,0.06100425943340715,0.1279124236907913,0.06399138596813052,0.12020128016726923,0.04655591352491172,False,"Sin alerta según criterio exploratorio; no demuestra probabilidades calibradas, especialmente con muestras pequeñas.",59884a8ccf437f401ddb72f4e24a89939dd62a977db9fc8d5b22a6f4ebeed342,7790a926d7e11a868dc5a374b0ba034036111894f4d11b95c604db2170380c80
2021,3996,0.6337498730532273,0.35760615233163673,0.724191395981653,0.741991991991992,-0.0178005960103389,0.014672095173197496,0.10949244847357621,0,6,0.6,0.7,False,201,0.6500674234100835,0.6915422885572139,0.014672095173197496,0.10949244847357621,0.06100425943340715,0.1279124236907913,0.06399138596813052,0.12020128016726923,0.04655591352491172,False,"Sin alerta según criterio exploratorio; no demuestra probabilidades calibradas, especialmente con muestras pequeñas.",59884a8ccf437f401ddb72f4e24a89939dd62a977db9fc8d5b22a6f4ebeed342,7790a926d7e11a868dc5a374b0ba034036111894f4d11b95c604db2170380c80
2021,3996,0.6337498730532273,0.35760615233163673,0.724191395981653,0.741991991991992,-0.0178005960103389,0.014672095173197496,0.10949244847357621,0,7,0.7,0.8,False,216,0.7531537924099851,0.7777777777777778,0.014672095173197496,0.10949244847357621,0.06100425943340715,0.1279124236907913,0.06399138596813052,0.12020128016726923,0.04655591352491172,False,"Sin alerta según criterio exploratorio; no demuestra probabilidades calibradas, especialmente con muestras pequeñas.",59884a8ccf437f401ddb72f4e24a89939dd62a977db9fc8d5b22a6f4ebeed342,7790a926d7e11a868dc5a374b0ba034036111894f4d11b95c604db2170380c80
2021,3996,0.6337498730532273,0.35760615233163673,0.724191395981653,0.741991991991992,-0.0178005960103389,0.014672095173197496,0.10949244847357621,0,8,0.8,0.9,False,297,0.8550740241603016,0.8821548821548821,0.014672095173197496,0.10949244847357621,0.06100425943340715,0.1279124236907913,0.06399138596813052,0.12020128016726923,0.04655591352491172,False,"Sin alerta según criterio exploratorio; no demuestra probabilidades calibradas, especialmente con muestras pequeñas.",59884a8ccf437f401ddb72f4e24a89939dd62a977db9fc8d5b22a6f4ebeed342,7790a926d7e11a868dc5a374b0ba034036111894f4d11b95c604db2170380c80
2021,3996,0.6337498730532273,0.35760615233163673,0.724191395981653,0.741991991991992,-0.0178005960103389,0.014672095173197496,0.10949244847357621,0,9,0.9,1.0,True,678,0.9577246565031091,0.9601769911504425,0.014672095173197496,0.10949244847357621,0.06100425943340715,0.1279124236907913,0.06399138596813052,0.12020128016726923,0.04655591352491172,False,"Sin alerta según criterio exploratorio; no demuestra probabilidades calibradas, especialmente con muestras pequeñas.",59884a8ccf437f401ddb72f4e24a89939dd62a977db9fc8d5b22a6f4ebeed342,7790a926d7e11a868dc5a374b0ba034036111894f4d11b95c604db2170380c80
2021,3996,0.6337498730532273,0.35760615233163673,0.724191395981653,0.741991991991992,-0.0178005960103389,0.014672095173197496,0.10949244847357621,1,0,0.0,0.1,False,1315,0.04192507997041873,0.034220532319391636,0.06100425943340715,0.1279124236907913,0.06100425943340715,0.1279124236907913,0.06399138596813052,0.12020128016726923,0.04655591352491172,False,"Sin alerta según criterio exploratorio; no demuestra probabilidades calibradas, especialmente con muestras pequeñas.",59884a8ccf437f401ddb72f4e24a89939dd62a977db9fc8d5b22a6f4ebeed342,7790a926d7e11a868dc5a374b0ba034036111894f4d11b95c604db2170380c80
2021,3996,0.6337498730532273,0.35760615233163673,0.724191395981653,0.741991991991992,-0.0178005960103389,0.014672095173197496,0.10949244847357621,1,1,0.1,0.2,False,631,0.1483028905492766,0.09508716323296355,0.06100425943340715,0.1279124236907913,0.06100425943340715,0.1279124236907913,0.06399138596813052,0.12020128016726923,0.04655591352491172,False,"Sin alerta según criterio exploratorio; no demuestra probabilidades calibradas, especialmente con muestras pequeñas.",59884a8ccf437f401ddb72f4e24a89939dd62a977db9fc8d5b22a6f4ebeed342,7790a926d7e11a868dc5a374b0ba034036111894f4d11b95c604db2170380c80
2021,3996,0.6337498730532273,0.35760615233163673,0.724191395981653,0.741991991991992,-0.0178005960103389,0.014672095173197496,0.10949244847357621,1,2,0.2,0.3,False,552,0.24643447350008765,0.15217391304347827,0.06100425943340715,0.1279124236907913,0.06100425943340715,0.1279124236907913,0.06399138596813052,0.12020128016726923,0.04655591352491172,False,"Sin alerta según criterio exploratorio; no demuestra probabilidades calibradas, especialmente con muestras pequeñas.",59884a8ccf437f401ddb72f4e24a89939dd62a977db9fc8d5b22a6f4ebeed342,7790a926d7e11a868dc5a374b0ba034036111894f4d11b95c604db2170380c80
2021,3996,0.6337498730532273,0.35760615233163673,0.724191395981653,0.741991991991992,-0.0178005960103389,0.014672095173197496,0.10949244847357621,1,3,0.3,0.4,False,512,0.34893713518977165,0.22265625,0.06100425943340715,0.1279124236907913,0.06100425943340715,0.1279124236907913,0.06399138596813052,0.12020128016726923,0.04655591352491172,False,"Sin alerta según criterio exploratorio; no demuestra probabilidades calibradas, especialmente con muestras pequeñas.",59884a8ccf437f401ddb72f4e24a89939dd62a977db9fc8d5b22a6f4ebeed342,7790a926d7e11a868dc5a374b0ba034036111894f4d11b95c604db2170380c80
2021,3996,0.6337498730532273,0.35760615233163673,0.724191395981653,0.741991991991992,-0.0178005960103389,0.014672095173197496,0.10949244847357621,1,4,0.4,0.5,False,423,0.4474647832114082,0.3380614657210402,0.06100425943340715,0.1279124236907913,0.06100425943340715,0.1279124236907913,0.06399138596813052,0.12020128016726923,0.04655591352491172,False,"Sin alerta según criterio exploratorio; no demuestra probabilidades calibradas, especialmente con muestras pequeñas.",59884a8ccf437f401ddb72f4e24a89939dd62a977db9fc8d5b22a6f4ebeed342,7790a926d7e11a868dc5a374b0ba034036111894f4d11b95c604db2170380c80
2021,3996,0.6337498730532273,0.35760615233163673,0.724191395981653,0.741991991991992,-0.0178005960103389,0.014672095173197496,0.10949244847357621,1,5,0.5,0.6,False,302,0.547231349724018,0.4735099337748344,0.06100425943340715,0.1279124236907913,0.06100425943340715,0.1279124236907913,0.06399138596813052,0.12020128016726923,0.04655591352491172,False,"Sin alerta según criterio exploratorio; no demuestra probabilidades calibradas, especialmente con muestras pequeñas.",59884a8ccf437f401ddb72f4e24a89939dd62a977db9fc8d5b22a6f4ebeed342,7790a926d7e11a868dc5a374b0ba034036111894f4d11b95c604db2170380c80
2021,3996,0.6337498730532273,0.35760615233163673,0.724191395981653,0.741991991991992,-0.0178005960103389,0.014672095173197496,0.10949244847357621,1,6,0.6,0.7,False,183,0.6428032755200329,0.5901639344262295,0.06100425943340715,0.1279124236907913,0.06100425943340715,0.1279124236907913,0.06399138596813052,0.12020128016726923,0.04655591352491172,False,"Sin alerta según criterio exploratorio; no demuestra probabilidades calibradas, especialmente con muestras pequeñas.",59884a8ccf437f401ddb72f4e24a89939dd62a977db9fc8d5b22a6f4ebeed342,7790a926d7e11a868dc5a374b0ba034036111894f4d11b95c604db2170380c80
2021,3996,0.6337498730532273,0.35760615233163673,0.724191395981653,0.741991991991992,-0.0178005960103389,0.014672095173197496,0.10949244847357621,1,7,0.7,0.8,False,70,0.7379804338727679,0.7,0.06100425943340715,0.1279124236907913,0.06100425943340715,0.1279124236907913,0.06399138596813052,0.12020128016726923,0.04655591352491172,False,"Sin alerta según criterio exploratorio; no demuestra probabilidades calibradas, especialmente con muestras pequeñas.",59884a8ccf437f401ddb72f4e24a89939dd62a977db9fc8d5b22a6f4ebeed342,7790a926d7e11a868dc5a374b0ba034036111894f4d11b95c604db2170380c80
2021,3996,0.6337498730532273,0.35760615233163673,0.724191395981653,0.741991991991992,-0.0178005960103389,0.014672095173197496,0.10949244847357621,1,8,0.8,0.9,False,8,0.8177091628313065,0.5,0.06100425943340715,0.1279124236907913,0.06100425943340715,0.1279124236907913,0.06399138596813052,0.12020128016726923,0.04655591352491172,False,"Sin alerta según criterio exploratorio; no demuestra probabilidades calibradas, especialmente con muestras pequeñas.",59884a8ccf437f401ddb72f4e24a89939dd62a977db9fc8d5b22a6f4ebeed342,7790a926d7e11a868dc5a374b0ba034036111894f4d11b95c604db2170380c80
2021,3996,0.6337498730532273,0.35760615233163673,0.724191395981653,0.741991991991992,-0.0178005960103389,0.014672095173197496,0.10949244847357621,1,9,0.9,1.0,True,0,,,0.06100425943340715,0.1279124236907913,0.06100425943340715,0.1279124236907913,0.06399138596813052,0.12020128016726923,0.04655591352491172,False,"Sin alerta según criterio exploratorio; no demuestra probabilidades calibradas, especialmente con muestras pequeñas.",59884a8ccf437f401ddb72f4e24a89939dd62a977db9fc8d5b22a6f4ebeed342,7790a926d7e11a868dc5a374b0ba034036111894f4d11b95c604db2170380c80
2021,3996,0.6337498730532273,0.35760615233163673,0.724191395981653,0.741991991991992,-0.0178005960103389,0.014672095173197496,0.10949244847357621,2,0,0.0,0.1,False,1631,0.03404561969202359,0.05150214592274678,0.06399138596813052,0.12020128016726923,0.06100425943340715,0.1279124236907913,0.06399138596813052,0.12020128016726923,0.04655591352491172,False,"Sin alerta según criterio exploratorio; no demuestra probabilidades calibradas, especialmente con muestras pequeñas.",59884a8ccf437f401ddb72f4e24a89939dd62a977db9fc8d5b22a6f4ebeed342,7790a926d7e11a868dc5a374b0ba034036111894f4d11b95c604db2170380c80
2021,3996,0.6337498730532273,0.35760615233163673,0.724191395981653,0.741991991991992,-0.0178005960103389,0.014672095173197496,0.10949244847357621,2,1,0.1,0.2,False,442,0.14567785335881678,0.2239819004524887,0.06399138596813052,0.12020128016726923,0.06100425943340715,0.1279124236907913,0.06399138596813052,0.12020128016726923,0.04655591352491172,False,"Sin alerta según criterio exploratorio; no demuestra probabilidades calibradas, especialmente con muestras pequeñas.",59884a8ccf437f401ddb72f4e24a89939dd62a977db9fc8d5b22a6f4ebeed342,7790a926d7e11a868dc5a374b0ba034036111894f4d11b95c604db2170380c80
2021,3996,0.6337498730532273,0.35760615233163673,0.724191395981653,0.741991991991992,-0.0178005960103389,0.014672095173197496,0.10949244847357621,2,2,0.2,0.3,False,298,0.24593638548715002,0.37919463087248323,0.06399138596813052,0.12020128016726923,0.06100425943340715,0.1279124236907913,0.06399138596813052,0.12020128016726923,0.04655591352491172,False,"Sin alerta según criterio exploratorio; no demuestra probabilidades calibradas, especialmente con muestras pequeñas.",59884a8ccf437f401ddb72f4e24a89939dd62a977db9fc8d5b22a6f4ebeed342,7790a926d7e11a868dc5a374b0ba034036111894f4d11b95c604db2170380c80
2021,3996,0.6337498730532273,0.35760615233163673,0.724191395981653,0.741991991991992,-0.0178005960103389,0.014672095173197496,0.10949244847357621,2,3,0.3,0.4,False,223,0.3511871050024246,0.49327354260089684,0.06399138596813052,0.12020128016726923,0.06100425943340715,0.1279124236907913,0.06399138596813052,0.12020128016726923,0.04655591352491172,False,"Sin alerta según criterio exploratorio; no demuestra probabilidades calibradas, especialmente con muestras pequeñas.",59884a8ccf437f401ddb72f4e24a89939dd62a977db9fc8d5b22a6f4ebeed342,7790a926d7e11a868dc5a374b0ba034036111894f4d11b95c604db2170380c80
2021,3996,0.6337498730532273,0.35760615233163673,0.724191395981653,0.741991991991992,-0.0178005960103389,0.014672095173197496,0.10949244847357621,2,4,0.4,0.5,False,185,0.4495257029662261,0.5837837837837838,0.06399138596813052,0.12020128016726923,0.06100425943340715,0.1279124236907913,0.06399138596813052,0.12020128016726923,0.04655591352491172,False,"Sin alerta según criterio exploratorio; no demuestra probabilidades calibradas, especialmente con muestras pequeñas.",59884a8ccf437f401ddb72f4e24a89939dd62a977db9fc8d5b22a6f4ebeed342,7790a926d7e11a868dc5a374b0ba034036111894f4d11b95c604db2170380c80
2021,3996,0.6337498730532273,0.35760615233163673,0.724191395981653,0.741991991991992,-0.0178005960103389,0.014672095173197496,0.10949244847357621,2,5,0.5,0.6,False,160,0.5536026906222105,0.7625,0.06399138596813052,0.12020128016726923,0.06100425943340715,0.1279124236907913,0.06399138596813052,0.12020128016726923,0.04655591352491172,False,"Sin alerta según criterio exploratorio; no demuestra probabilidades calibradas, especialmente con muestras pequeñas.",59884a8ccf437f401ddb72f4e24a89939dd62a977db9fc8d5b22a6f4ebeed342,7790a926d7e11a868dc5a374b0ba034036111894f4d11b95c604db2170380c80
2021,3996,0.6337498730532273,0.35760615233163673,0.724191395981653,0.741991991991992,-0.0178005960103389,0.014672095173197496,0.10949244847357621,2,6,0.6,0.7,False,170,0.6494751200956457,0.7823529411764706,0.06399138596813052,0.12020128016726923,0.06100425943340715,0.1279124236907913,0.06399138596813052,0.12020128016726923,0.04655591352491172,False,"Sin alerta según criterio exploratorio; no demuestra probabilidades calibradas, especialmente con muestras pequeñas.",59884a8ccf437f401ddb72f4e24a89939dd62a977db9fc8d5b22a6f4ebeed342,7790a926d7e11a868dc5a374b0ba034036111894f4d11b95c604db2170380c80
2021,3996,0.6337498730532273,0.35760615233163673,0.724191395981653,0.741991991991992,-0.0178005960103389,0.014672095173197496,0.10949244847357621,2,7,0.7,0.8,False,221,0.7510843891903286,0.8597285067873304,0.06399138596813052,0.12020128016726923,0.06100425943340715,0.1279124236907913,0.06399138596813052,0.12020128016726923,0.04655591352491172,False,"Sin alerta según criterio exploratorio; no demuestra probabilidades calibradas, especialmente con muestras pequeñas.",59884a8ccf437f401ddb72f4e24a89939dd62a977db9fc8d5b22a6f4ebeed342,7790a926d7e11a868dc5a374b0ba034036111894f4d11b95c604db2170380c80
2021,3996,0.6337498730532273,0.35760615233163673,0.724191395981653,0.741991991991992,-0.0178005960103389,0.014672095173197496,0.10949244847357621,2,8,0.8,0.9,False,272,0.8506060527528033,0.9080882352941176,0.06399138596813052,0.12020128016726923,0.06100425943340715,0.1279124236907913,0.06399138596813052,0.12020128016726923,0.04655591352491172,False,"Sin alerta según criterio exploratorio; no demuestra probabilidades calibradas, especialmente con muestras pequeñas.",59884a8ccf437f401ddb72f4e24a89939dd62a977db9fc8d5b22a6f4ebeed342,7790a926d7e11a868dc5a374b0ba034036111894f4d11b95c604db2170380c80
2021,3996,0.6337498730532273,0.35760615233163673,0.724191395981653,0.741991991991992,-0.0178005960103389,0.014672095173197496,0.10949244847357621,2,9,0.9,1.0,True,394,0.9485667889493371,0.9467005076142132,0.06399138596813052,0.12020128016726923,0.06100425943340715,0.1279124236907913,0.06399138596813052,0.12020128016726923,0.04655591352491172,False,"Sin alerta según criterio exploratorio; no demuestra probabilidades calibradas, especialmente con muestras pequeñas.",59884a8ccf437f401ddb72f4e24a89939dd62a977db9fc8d5b22a6f4ebeed342,7790a926d7e11a868dc5a374b0ba034036111894f4d11b95c604db2170380c80
2022,4397,0.6317142743004944,0.3620430049871247,0.7326536497555729,0.7298157834887423,0.00283786626683058,0.015825824713748944,0.10196987441569809,0,0,0.0,0.1,False,1630,0.03704743023406131,0.03558282208588957,0.015825824713748944,0.10196987441569809,0.06743102264151059,0.13495783072901757,0.05888820831836107,0.12511529984240907,0.047381685224540206,False,"Sin alerta según criterio exploratorio; no demuestra probabilidades calibradas, especialmente con muestras pequeñas.",66846d1234a195fff06ba43a9bb6caedfad324ff56de02551b50910156a0af17,8d1021b4f33af4551bef2b83180f2b7775dfa7c1aa5c87ec6a7f228f3c8d1b25
2022,4397,0.6317142743004944,0.3620430049871247,0.7326536497555729,0.7298157834887423,0.00283786626683058,0.015825824713748944,0.10196987441569809,0,1,0.1,0.2,False,572,0.1438171575562312,0.12937062937062938,0.015825824713748944,0.10196987441569809,0.06743102264151059,0.13495783072901757,0.05888820831836107,0.12511529984240907,0.047381685224540206,False,"Sin alerta según criterio exploratorio; no demuestra probabilidades calibradas, especialmente con muestras pequeñas.",66846d1234a195fff06ba43a9bb6caedfad324ff56de02551b50910156a0af17,8d1021b4f33af4551bef2b83180f2b7775dfa7c1aa5c87ec6a7f228f3c8d1b25
2022,4397,0.6317142743004944,0.3620430049871247,0.7326536497555729,0.7298157834887423,0.00283786626683058,0.015825824713748944,0.10196987441569809,0,2,0.2,0.3,False,302,0.24346740874430992,0.24503311258278146,0.015825824713748944,0.10196987441569809,0.06743102264151059,0.13495783072901757,0.05888820831836107,0.12511529984240907,0.047381685224540206,False,"Sin alerta según criterio exploratorio; no demuestra probabilidades calibradas, especialmente con muestras pequeñas.",66846d1234a195fff06ba43a9bb6caedfad324ff56de02551b50910156a0af17,8d1021b4f33af4551bef2b83180f2b7775dfa7c1aa5c87ec6a7f228f3c8d1b25
2022,4397,0.6317142743004944,0.3620430049871247,0.7326536497555729,0.7298157834887423,0.00283786626683058,0.015825824713748944,0.10196987441569809,0,3,0.3,0.4,False,232,0.34858483487162095,0.3793103448275862,0.015825824713748944,0.10196987441569809,0.06743102264151059,0.13495783072901757,0.05888820831836107,0.12511529984240907,0.047381685224540206,False,"Sin alerta según criterio exploratorio; no demuestra probabilidades calibradas, especialmente con muestras pequeñas.",66846d1234a195fff06ba43a9bb6caedfad324ff56de02551b50910156a0af17,8d1021b4f33af4551bef2b83180f2b7775dfa7c1aa5c87ec6a7f228f3c8d1b25
2022,4397,0.6317142743004944,0.3620430049871247,0.7326536497555729,0.7298157834887423,0.00283786626683058,0.015825824713748944,0.10196987441569809,0,4,0.4,0.5,False,187,0.4460224254246064,0.49732620320855614,0.015825824713748944,0.10196987441569809,0.06743102264151059,0.13495783072901757,0.05888820831836107,0.12511529984240907,0.047381685224540206,False,"Sin alerta según criterio exploratorio; no demuestra probabilidades calibradas, especialmente con muestras pequeñas.",66846d1234a195fff06ba43a9bb6caedfad324ff56de02551b50910156a0af17,8d1021b4f33af4551bef2b83180f2b7775dfa7c1aa5c87ec6a7f228f3c8d1b25
2022,4397,0.6317142743004944,0.3620430049871247,0.7326536497555729,0.7298157834887423,0.00283786626683058,0.015825824713748944,0.10196987441569809,0,5,0.5,0.6,False,159,0.5485295353445617,0.5911949685534591,0.015825824713748944,0.10196987441569809,0.06743102264151059,0.13495783072901757,0.05888820831836107,0.12511529984240907,0.047381685224540206,False,"Sin alerta según criterio exploratorio; no demuestra probabilidades calibradas, especialmente con muestras pequeñas.",66846d1234a195fff06ba43a9bb6caedfad324ff56de02551b50910156a0af17,8d1021b4f33af4551bef2b83180f2b7775dfa7c1aa5c87ec6a7f228f3c8d1b25
2022,4397,0.6317142743004944,0.3620430049871247,0.7326536497555729,0.7298157834887423,0.00283786626683058,0.015825824713748944,0.10196987441569809,0,6,0.6,0.7,False,185,0.6501489184998177,0.7189189189189189,0.015825824713748944,0.10196987441569809,0.06743102264151059,0.13495783072901757,0.05888820831836107,0.12511529984240907,0.047381685224540206,False,"Sin alerta según criterio exploratorio; no demuestra probabilidades calibradas, especialmente con muestras pequeñas.",66846d1234a195fff06ba43a9bb6caedfad324ff56de02551b50910156a0af17,8d1021b4f33af4551bef2b83180f2b7775dfa7c1aa5c87ec6a7f228f3c8d1b25
2022,4397,0.6317142743004944,0.3620430049871247,0.7326536497555729,0.7298157834887423,0.00283786626683058,0.015825824713748944,0.10196987441569809,0,7,0.7,0.8,False,232,0.7505160446824699,0.8189655172413793,0.015825824713748944,0.10196987441569809,0.06743102264151059,0.13495783072901757,0.05888820831836107,0.12511529984240907,0.047381685224540206,False,"Sin alerta según criterio exploratorio; no demuestra probabilidades calibradas, especialmente con muestras pequeñas.",66846d1234a195fff06ba43a9bb6caedfad324ff56de02551b50910156a0af17,8d1021b4f33af4551bef2b83180f2b7775dfa7c1aa5c87ec6a7f228f3c8d1b25
2022,4397,0.6317142743004944,0.3620430049871247,0.7326536497555729,0.7298157834887423,0.00283786626683058,0.015825824713748944,0.10196987441569809,0,8,0.8,0.9,False,234,0.851969964738585,0.8290598290598291,0.015825824713748944,0.10196987441569809,0.06743102264151059,0.13495783072901757,0.05888820831836107,0.12511529984240907,0.047381685224540206,False,"Sin alerta según criterio exploratorio; no demuestra probabilidades calibradas, especialmente con muestras pequeñas.",66846d1234a195fff06ba43a9bb6caedfad324ff56de02551b50910156a0af17,8d1021b4f33af4551bef2b83180f2b7775dfa7c1aa5c87ec6a7f228f3c8d1b25
2022,4397,0.6317142743004944,0.3620430049871247,0.7326536497555729,0.7298157834887423,0.00283786626683058,0.015825824713748944,0.10196987441569809,0,9,0.9,1.0,True,664,0.9578419349279749,0.9593373493975904,0.015825824713748944,0.10196987441569809,0.06743102264151059,0.13495783072901757,0.05888820831836107,0.12511529984240907,0.047381685224540206,False,"Sin alerta según criterio exploratorio; no demuestra probabilidades calibradas, especialmente con muestras pequeñas.",66846d1234a195fff06ba43a9bb6caedfad324ff56de02551b50910156a0af17,8d1021b4f33af4551bef2b83180f2b7775dfa7c1aa5c87ec6a7f228f3c8d1b25
2022,4397,0.6317142743004944,0.3620430049871247,0.7326536497555729,0.7298157834887423,0.00283786626683058,0.015825824713748944,0.10196987441569809,1,0,0.0,0.1,False,1444,0.039359540928482824,0.03462603878116344,0.06743102264151059,0.13495783072901757,0.06743102264151059,0.13495783072901757,0.05888820831836107,0.12511529984240907,0.047381685224540206,False,"Sin alerta según criterio exploratorio; no demuestra probabilidades calibradas, especialmente con muestras pequeñas.",66846d1234a195fff06ba43a9bb6caedfad324ff56de02551b50910156a0af17,8d1021b4f33af4551bef2b83180f2b7775dfa7c1aa5c87ec6a7f228f3c8d1b25
2022,4397,0.6317142743004944,0.3620430049871247,0.7326536497555729,0.7298157834887423,0.00283786626683058,0.015825824713748944,0.10196987441569809,1,1,0.1,0.2,False,676,0.14862460228642063,0.10650887573964497,0.06743102264151059,0.13495783072901757,0.06743102264151059,0.13495783072901757,0.05888820831836107,0.12511529984240907,0.047381685224540206,False,"Sin alerta según criterio exploratorio; no demuestra probabilidades calibradas, especialmente con muestras pequeñas.",66846d1234a195fff06ba43a9bb6caedfad324ff56de02551b50910156a0af17,8d1021b4f33af4551bef2b83180f2b7775dfa7c1aa5c87ec6a7f228f3c8d1b25
2022,4397,0.6317142743004944,0.3620430049871247,0.7326536497555729,0.7298157834887423,0.00283786626683058,0.015825824713748944,0.10196987441569809,1,2,0.2,0.3,False,521,0.2503422217268404,0.15930902111324377,0.06743102264151059,0.13495783072901757,0.06743102264151059,0.13495783072901757,0.05888820831836107,0.12511529984240907,0.047381685224540206,False,"Sin alerta según criterio exploratorio; no demuestra probabilidades calibradas, especialmente con muestras pequeñas.",66846d1234a195fff06ba43a9bb6caedfad324ff56de02551b50910156a0af17,8d1021b4f33af4551bef2b83180f2b7775dfa7c1aa5c87ec6a7f228f3c8d1b25
2022,4397,0.6317142743004944,0.3620430049871247,0.7326536497555729,0.7298157834887423,0.00283786626683058,0.015825824713748944,0.10196987441569809,1,3,0.3,0.4,False,521,0.3466686261478175,0.2514395393474088,0.06743102264151059,0.13495783072901757,0.06743102264151059,0.13495783072901757,0.05888820831836107,0.12511529984240907,0.047381685224540206,False,"Sin alerta según criterio exploratorio; no demuestra probabilidades calibradas, especialmente con muestras pequeñas.",66846d1234a195fff06ba43a9bb6caedfad324ff56de02551b50910156a0af17,8d1021b4f33af4551bef2b83180f2b7775dfa7c1aa5c87ec6a7f228f3c8d1b25
2022,4397,0.6317142743004944,0.3620430049871247,0.7326536497555729,0.7298157834887423,0.00283786626683058,0.015825824713748944,0.10196987441569809,1,4,0.4,0.5,False,446,0.4491319465931221,0.3071748878923767,0.06743102264151059,0.13495783072901757,0.06743102264151059,0.13495783072901757,0.05888820831836107,0.12511529984240907,0.047381685224540206,False,"Sin alerta según criterio exploratorio; no demuestra probabilidades calibradas, especialmente con muestras pequeñas.",66846d1234a195fff06ba43a9bb6caedfad324ff56de02551b50910156a0af17,8d1021b4f33af4551bef2b83180f2b7775dfa7c1aa5c87ec6a7f228f3c8d1b25
2022,4397,0.6317142743004944,0.3620430049871247,0.7326536497555729,0.7298157834887423,0.00283786626683058,0.015825824713748944,0.10196987441569809,1,5,0.5,0.6,False,375,0.5455400226910909,0.3893333333333333,0.06743102264151059,0.13495783072901757,0.06743102264151059,0.13495783072901757,0.05888820831836107,0.12511529984240907,0.047381685224540206,False,"Sin alerta según criterio exploratorio; no demuestra probabilidades calibradas, especialmente con muestras pequeñas.",66846d1234a195fff06ba43a9bb6caedfad324ff56de02551b50910156a0af17,8d1021b4f33af4551bef2b83180f2b7775dfa7c1aa5c87ec6a7f228f3c8d1b25
2022,4397,0.6317142743004944,0.3620430049871247,0.7326536497555729,0.7298157834887423,0.00283786626683058,0.015825824713748944,0.10196987441569809,1,6,0.6,0.7,False,243,0.6448184524053409,0.5185185185185185,0.06743102264151059,0.13495783072901757,0.06743102264151059,0.13495783072901757,0.05888820831836107,0.12511529984240907,0.047381685224540206,False,"Sin alerta según criterio exploratorio; no demuestra probabilidades calibradas, especialmente con muestras pequeñas.",66846d1234a195fff06ba43a9bb6caedfad324ff56de02551b50910156a0af17,8d1021b4f33af4551bef2b83180f2b7775dfa7c1aa5c87ec6a7f228f3c8d1b25
2022,4397,0.6317142743004944,0.3620430049871247,0.7326536497555729,0.7298157834887423,0.00283786626683058,0.015825824713748944,0.10196987441569809,1,7,0.7,0.8,False,143,0.7449069673364813,0.6643356643356644,0.06743102264151059,0.13495783072901757,0.06743102264151059,0.13495783072901757,0.05888820831836107,0.12511529984240907,0.047381685224540206,False,"Sin alerta según criterio exploratorio; no demuestra probabilidades calibradas, especialmente con muestras pequeñas.",66846d1234a195fff06ba43a9bb6caedfad324ff56de02551b50910156a0af17,8d1021b4f33af4551bef2b83180f2b7775dfa7c1aa5c87ec6a7f228f3c8d1b25
2022,4397,0.6317142743004944,0.3620430049871247,0.7326536497555729,0.7298157834887423,0.00283786626683058,0.015825824713748944,0.10196987441569809,1,8,0.8,0.9,False,28,0.8229717718703407,0.8214285714285714,0.06743102264151059,0.13495783072901757,0.06743102264151059,0.13495783072901757,0.05888820831836107,0.12511529984240907,0.047381685224540206,False,"Sin alerta según criterio exploratorio; no demuestra probabilidades calibradas, especialmente con muestras pequeñas.",66846d1234a195fff06ba43a9bb6caedfad324ff56de02551b50910156a0af17,8d1021b4f33af4551bef2b83180f2b7775dfa7c1aa5c87ec6a7f228f3c8d1b25
2022,4397,0.6317142743004944,0.3620430049871247,0.7326536497555729,0.7298157834887423,0.00283786626683058,0.015825824713748944,0.10196987441569809,1,9,0.9,1.0,True,0,,,0.06743102264151059,0.13495783072901757,0.06743102264151059,0.13495783072901757,0.05888820831836107,0.12511529984240907,0.047381685224540206,False,"Sin alerta según criterio exploratorio; no demuestra probabilidades calibradas, especialmente con muestras pequeñas.",66846d1234a195fff06ba43a9bb6caedfad324ff56de02551b50910156a0af17,8d1021b4f33af4551bef2b83180f2b7775dfa7c1aa5c87ec6a7f228f3c8d1b25
2022,4397,0.6317142743004944,0.3620430049871247,0.7326536497555729,0.7298157834887423,0.00283786626683058,0.015825824713748944,0.10196987441569809,2,0,0.0,0.1,False,1598,0.03560197348263492,0.052565707133917394,0.05888820831836107,0.12511529984240907,0.06743102264151059,0.13495783072901757,0.05888820831836107,0.12511529984240907,0.047381685224540206,False,"Sin alerta según criterio exploratorio; no demuestra probabilidades calibradas, especialmente con muestras pequeñas.",66846d1234a195fff06ba43a9bb6caedfad324ff56de02551b50910156a0af17,8d1021b4f33af4551bef2b83180f2b7775dfa7c1aa5c87ec6a7f228f3c8d1b25
2022,4397,0.6317142743004944,0.3620430049871247,0.7326536497555729,0.7298157834887423,0.00283786626683058,0.015825824713748944,0.10196987441569809,2,1,0.1,0.2,False,456,0.1447668190424641,0.25219298245614036,0.05888820831836107,0.12511529984240907,0.06743102264151059,0.13495783072901757,0.05888820831836107,0.12511529984240907,0.047381685224540206,False,"Sin alerta según criterio exploratorio; no demuestra probabilidades calibradas, especialmente con muestras pequeñas.",66846d1234a195fff06ba43a9bb6caedfad324ff56de02551b50910156a0af17,8d1021b4f33af4551bef2b83180f2b7775dfa7c1aa5c87ec6a7f228f3c8d1b25
2022,4397,0.6317142743004944,0.3620430049871247,0.7326536497555729,0.7298157834887423,0.00283786626683058,0.015825824713748944,0.10196987441569809,2,2,0.2,0.3,False,314,0.2475548546974826,0.35987261146496813,0.05888820831836107,0.12511529984240907,0.06743102264151059,0.13495783072901757,0.05888820831836107,0.12511529984240907,0.047381685224540206,False,"Sin alerta según criterio exploratorio; no demuestra probabilidades calibradas, especialmente con muestras pequeñas.",66846d1234a195fff06ba43a9bb6caedfad324ff56de02551b50910156a0af17,8d1021b4f33af4551bef2b83180f2b7775dfa7c1aa5c87ec6a7f228f3c8d1b25
2022,4397,0.6317142743004944,0.3620430049871247,0.7326536497555729,0.7298157834887423,0.00283786626683058,0.015825824713748944,0.10196987441569809,2,3,0.3,0.4,False,248,0.3461639191354475,0.46774193548387094,0.05888820831836107,0.12511529984240907,0.06743102264151059,0.13495783072901757,0.05888820831836107,0.12511529984240907,0.047381685224540206,False,"Sin alerta según criterio exploratorio; no demuestra probabilidades calibradas, especialmente con muestras pequeñas.",66846d1234a195fff06ba43a9bb6caedfad324ff56de02551b50910156a0af17,8d1021b4f33af4551bef2b83180f2b7775dfa7c1aa5c87ec6a7f228f3c8d1b25
2022,4397,0.6317142743004944,0.3620430049871247,0.7326536497555729,0.7298157834887423,0.00283786626683058,0.015825824713748944,0.10196987441569809,2,4,0.4,0.5,False,216,0.44927018963628346,0.625,0.05888820831836107,0.12511529984240907,0.06743102264151059,0.13495783072901757,0.05888820831836107,0.12511529984240907,0.047381685224540206,False,"Sin alerta según criterio exploratorio; no demuestra probabilidades calibradas, especialmente con muestras pequeñas.",66846d1234a195fff06ba43a9bb6caedfad324ff56de02551b50910156a0af17,8d1021b4f33af4551bef2b83180f2b7775dfa7c1aa5c87ec6a7f228f3c8d1b25
2022,4397,0.6317142743004944,0.3620430049871247,0.7326536497555729,0.7298157834887423,0.00283786626683058,0.015825824713748944,0.10196987441569809,2,5,0.5,0.6,False,200,0.5519348776340485,0.69,0.05888820831836107,0.12511529984240907,0.06743102264151059,0.13495783072901757,0.05888820831836107,0.12511529984240907,0.047381685224540206,False,"Sin alerta según criterio exploratorio; no demuestra probabilidades calibradas, especialmente con muestras pequeñas.",66846d1234a195fff06ba43a9bb6caedfad324ff56de02551b50910156a0af17,8d1021b4f33af4551bef2b83180f2b7775dfa7c1aa5c87ec6a7f228f3c8d1b25
2022,4397,0.6317142743004944,0.3620430049871247,0.7326536497555729,0.7298157834887423,0.00283786626683058,0.015825824713748944,0.10196987441569809,2,6,0.6,0.7,False,251,0.6467782209118998,0.7330677290836654,0.05888820831836107,0.12511529984240907,0.06743102264151059,0.13495783072901757,0.05888820831836107,0.12511529984240907,0.047381685224540206,False,"Sin alerta según criterio exploratorio; no demuestra probabilidades calibradas, especialmente con muestras pequeñas.",66846d1234a195fff06ba43a9bb6caedfad324ff56de02551b50910156a0af17,8d1021b4f33af4551bef2b83180f2b7775dfa7c1aa5c87ec6a7f228f3c8d1b25
2022,4397,0.6317142743004944,0.3620430049871247,0.7326536497555729,0.7298157834887423,0.00283786626683058,0.015825824713748944,0.10196987441569809,2,7,0.7,0.8,False,241,0.7527143866194729,0.8174273858921162,0.05888820831836107,0.12511529984240907,0.06743102264151059,0.13495783072901757,0.05888820831836107,0.12511529984240907,0.047381685224540206,False,"Sin alerta según criterio exploratorio; no demuestra probabilidades calibradas, especialmente con muestras pequeñas.",66846d1234a195fff06ba43a9bb6caedfad324ff56de02551b50910156a0af17,8d1021b4f33af4551bef2b83180f2b7775dfa7c1aa5c87ec6a7f228f3c8d1b25
2022,4397,0.6317142743004944,0.3620430049871247,0.7326536497555729,0.7298157834887423,0.00283786626683058,0.015825824713748944,0.10196987441569809,2,8,0.8,0.9,False,318,0.8538847258255916,0.89937106918239,0.05888820831836107,0.12511529984240907,0.06743102264151059,0.13495783072901757,0.05888820831836107,0.12511529984240907,0.047381685224540206,False,"Sin alerta según criterio exploratorio; no demuestra probabilidades calibradas, especialmente con muestras pequeñas.",66846d1234a195fff06ba43a9bb6caedfad324ff56de02551b50910156a0af17,8d1021b4f33af4551bef2b83180f2b7775dfa7c1aa5c87ec6a7f228f3c8d1b25
2022,4397,0.6317142743004944,0.3620430049871247,0.7326536497555729,0.7298157834887423,0.00283786626683058,0.015825824713748944,0.10196987441569809,2,9,0.9,1.0,True,555,0.9565258894954716,0.9567567567567568,0.05888820831836107,0.12511529984240907,0.06743102264151059,0.13495783072901757,0.05888820831836107,0.12511529984240907,0.047381685224540206,False,"Sin alerta según criterio exploratorio; no demuestra probabilidades calibradas, especialmente con muestras pequeñas.",66846d1234a195fff06ba43a9bb6caedfad324ff56de02551b50910156a0af17,8d1021b4f33af4551bef2b83180f2b7775dfa7c1aa5c87ec6a7f228f3c8d1b25
2023,4595,0.6276413519988022,0.36394397681702373,0.7296047075982971,0.7297062023939064,-0.00010149479560928043,0.02067971053275851,0.09661532098412988,0,0,0.0,0.1,False,2060,0.03496213726353497,0.02087378640776699,0.02067971053275851,0.09661532098412988,0.05907588446676484,0.14613432399443815,0.05987681384531271,0.12119433183845571,0.046544136281612025,False,"Sin alerta según criterio exploratorio; no demuestra probabilidades calibradas, especialmente con muestras pequeñas.",5452865fae7ed675f43ffdaa29d4ea8cf82c5b2d6cb2be755d295bc2ca8b3a69,9cc0c2fa2564d2988737310b1cf35a46867ea977d2a1daf130c94bedbd580af1
2023,4595,0.6276413519988022,0.36394397681702373,0.7296047075982971,0.7297062023939064,-0.00010149479560928043,0.02067971053275851,0.09661532098412988,0,1,0.1,0.2,False,567,0.14698534914845932,0.13756613756613756,0.02067971053275851,0.09661532098412988,0.05907588446676484,0.14613432399443815,0.05987681384531271,0.12119433183845571,0.046544136281612025,False,"Sin alerta según criterio exploratorio; no demuestra probabilidades calibradas, especialmente con muestras pequeñas.",5452865fae7ed675f43ffdaa29d4ea8cf82c5b2d6cb2be755d295bc2ca8b3a69,9cc0c2fa2564d2988737310b1cf35a46867ea977d2a1daf130c94bedbd580af1
2023,4595,0.6276413519988022,0.36394397681702373,0.7296047075982971,0.7297062023939064,-0.00010149479560928043,0.02067971053275851,0.09661532098412988,0,2,0.2,0.3,False,335,0.24750095632538865,0.28059701492537314,0.02067971053275851,0.09661532098412988,0.05907588446676484,0.14613432399443815,0.05987681384531271,0.12119433183845571,0.046544136281612025,False,"Sin alerta según criterio exploratorio; no demuestra probabilidades calibradas, especialmente con muestras pequeñas.",5452865fae7ed675f43ffdaa29d4ea8cf82c5b2d6cb2be755d295bc2ca8b3a69,9cc0c2fa2564d2988737310b1cf35a46867ea977d2a1daf130c94bedbd580af1
2023,4595,0.6276413519988022,0.36394397681702373,0.7296047075982971,0.7297062023939064,-0.00010149479560928043,0.02067971053275851,0.09661532098412988,0,3,0.3,0.4,False,211,0.3457401185804069,0.4028436018957346,0.02067971053275851,0.09661532098412988,0.05907588446676484,0.14613432399443815,0.05987681384531271,0.12119433183845571,0.046544136281612025,False,"Sin alerta según criterio exploratorio; no demuestra probabilidades calibradas, especialmente con muestras pequeñas.",5452865fae7ed675f43ffdaa29d4ea8cf82c5b2d6cb2be755d295bc2ca8b3a69,9cc0c2fa2564d2988737310b1cf35a46867ea977d2a1daf130c94bedbd580af1
2023,4595,0.6276413519988022,0.36394397681702373,0.7296047075982971,0.7297062023939064,-0.00010149479560928043,0.02067971053275851,0.09661532098412988,0,4,0.4,0.5,False,177,0.4468426014070457,0.4463276836158192,0.02067971053275851,0.09661532098412988,0.05907588446676484,0.14613432399443815,0.05987681384531271,0.12119433183845571,0.046544136281612025,False,"Sin alerta según criterio exploratorio; no demuestra probabilidades calibradas, especialmente con muestras pequeñas.",5452865fae7ed675f43ffdaa29d4ea8cf82c5b2d6cb2be755d295bc2ca8b3a69,9cc0c2fa2564d2988737310b1cf35a46867ea977d2a1daf130c94bedbd580af1
2023,4595,0.6276413519988022,0.36394397681702373,0.7296047075982971,0.7297062023939064,-0.00010149479560928043,0.02067971053275851,0.09661532098412988,0,5,0.5,0.6,False,152,0.5483454983485373,0.5526315789473685,0.02067971053275851,0.09661532098412988,0.05907588446676484,0.14613432399443815,0.05987681384531271,0.12119433183845571,0.046544136281612025,False,"Sin alerta según criterio exploratorio; no demuestra probabilidades calibradas, especialmente con muestras pequeñas.",5452865fae7ed675f43ffdaa29d4ea8cf82c5b2d6cb2be755d295bc2ca8b3a69,9cc0c2fa2564d2988737310b1cf35a46867ea977d2a1daf130c94bedbd580af1
2023,4595,0.6276413519988022,0.36394397681702373,0.7296047075982971,0.7297062023939064,-0.00010149479560928043,0.02067971053275851,0.09661532098412988,0,6,0.6,0.7,False,178,0.6493717026844453,0.702247191011236,0.02067971053275851,0.09661532098412988,0.05907588446676484,0.14613432399443815,0.05987681384531271,0.12119433183845571,0.046544136281612025,False,"Sin alerta según criterio exploratorio; no demuestra probabilidades calibradas, especialmente con muestras pequeñas.",5452865fae7ed675f43ffdaa29d4ea8cf82c5b2d6cb2be755d295bc2ca8b3a69,9cc0c2fa2564d2988737310b1cf35a46867ea977d2a1daf130c94bedbd580af1
2023,4595,0.6276413519988022,0.36394397681702373,0.7296047075982971,0.7297062023939064,-0.00010149479560928043,0.02067971053275851,0.09661532098412988,0,7,0.7,0.8,False,195,0.7542737233333099,0.7538461538461538,0.02067971053275851,0.09661532098412988,0.05907588446676484,0.14613432399443815,0.05987681384531271,0.12119433183845571,0.046544136281612025,False,"Sin alerta según criterio exploratorio; no demuestra probabilidades calibradas, especialmente con muestras pequeñas.",5452865fae7ed675f43ffdaa29d4ea8cf82c5b2d6cb2be755d295bc2ca8b3a69,9cc0c2fa2564d2988737310b1cf35a46867ea977d2a1daf130c94bedbd580af1
2023,4595,0.6276413519988022,0.36394397681702373,0.7296047075982971,0.7297062023939064,-0.00010149479560928043,0.02067971053275851,0.09661532098412988,0,8,0.8,0.9,False,247,0.8487087541263596,0.8866396761133604,0.02067971053275851,0.09661532098412988,0.05907588446676484,0.14613432399443815,0.05987681384531271,0.12119433183845571,0.046544136281612025,False,"Sin alerta según criterio exploratorio; no demuestra probabilidades calibradas, especialmente con muestras pequeñas.",5452865fae7ed675f43ffdaa29d4ea8cf82c5b2d6cb2be755d295bc2ca8b3a69,9cc0c2fa2564d2988737310b1cf35a46867ea977d2a1daf130c94bedbd580af1
2023,4595,0.6276413519988022,0.36394397681702373,0.7296047075982971,0.7297062023939064,-0.00010149479560928043,0.02067971053275851,0.09661532098412988,0,9,0.9,1.0,True,473,0.9554287191425267,0.9175475687103594,0.02067971053275851,0.09661532098412988,0.05907588446676484,0.14613432399443815,0.05987681384531271,0.12119433183845571,0.046544136281612025,False,"Sin alerta según criterio exploratorio; no demuestra probabilidades calibradas, especialmente con muestras pequeñas.",5452865fae7ed675f43ffdaa29d4ea8cf82c5b2d6cb2be755d295bc2ca8b3a69,9cc0c2fa2564d2988737310b1cf35a46867ea977d2a1daf130c94bedbd580af1
2023,4595,0.6276413519988022,0.36394397681702373,0.7296047075982971,0.7297062023939064,-0.00010149479560928043,0.02067971053275851,0.09661532098412988,1,0,0.0,0.1,False,1428,0.03774283765021161,0.03991596638655462,0.05907588446676484,0.14613432399443815,0.05907588446676484,0.14613432399443815,0.05987681384531271,0.12119433183845571,0.046544136281612025,False,"Sin alerta según criterio exploratorio; no demuestra probabilidades calibradas, especialmente con muestras pequeñas.",5452865fae7ed675f43ffdaa29d4ea8cf82c5b2d6cb2be755d295bc2ca8b3a69,9cc0c2fa2564d2988737310b1cf35a46867ea977d2a1daf130c94bedbd580af1
2023,4595,0.6276413519988022,0.36394397681702373,0.7296047075982971,0.7297062023939064,-0.00010149479560928043,0.02067971053275851,0.09661532098412988,1,1,0.1,0.2,False,655,0.1460211347077639,0.11450381679389313,0.05907588446676484,0.14613432399443815,0.05907588446676484,0.14613432399443815,0.05987681384531271,0.12119433183845571,0.046544136281612025,False,"Sin alerta según criterio exploratorio; no demuestra probabilidades calibradas, especialmente con muestras pequeñas.",5452865fae7ed675f43ffdaa29d4ea8cf82c5b2d6cb2be755d295bc2ca8b3a69,9cc0c2fa2564d2988737310b1cf35a46867ea977d2a1daf130c94bedbd580af1
2023,4595,0.6276413519988022,0.36394397681702373,0.7296047075982971,0.7297062023939064,-0.00010149479560928043,0.02067971053275851,0.09661532098412988,1,2,0.2,0.3,False,531,0.24880061830392217,0.18267419962335216,0.05907588446676484,0.14613432399443815,0.05907588446676484,0.14613432399443815,0.05987681384531271,0.12119433183845571,0.046544136281612025,False,"Sin alerta según criterio exploratorio; no demuestra probabilidades calibradas, especialmente con muestras pequeñas.",5452865fae7ed675f43ffdaa29d4ea8cf82c5b2d6cb2be755d295bc2ca8b3a69,9cc0c2fa2564d2988737310b1cf35a46867ea977d2a1daf130c94bedbd580af1
2023,4595,0.6276413519988022,0.36394397681702373,0.7296047075982971,0.7297062023939064,-0.00010149479560928043,0.02067971053275851,0.09661532098412988,1,3,0.3,0.4,False,521,0.34994158594942365,0.255278310940499,0.05907588446676484,0.14613432399443815,0.05907588446676484,0.14613432399443815,0.05987681384531271,0.12119433183845571,0.046544136281612025,False,"Sin alerta según criterio exploratorio; no demuestra probabilidades calibradas, especialmente con muestras pequeñas.",5452865fae7ed675f43ffdaa29d4ea8cf82c5b2d6cb2be755d295bc2ca8b3a69,9cc0c2fa2564d2988737310b1cf35a46867ea977d2a1daf130c94bedbd580af1
2023,4595,0.6276413519988022,0.36394397681702373,0.7296047075982971,0.7297062023939064,-0.00010149479560928043,0.02067971053275851,0.09661532098412988,1,4,0.4,0.5,False,527,0.4486789945406977,0.3548387096774194,0.05907588446676484,0.14613432399443815,0.05907588446676484,0.14613432399443815,0.05987681384531271,0.12119433183845571,0.046544136281612025,False,"Sin alerta según criterio exploratorio; no demuestra probabilidades calibradas, especialmente con muestras pequeñas.",5452865fae7ed675f43ffdaa29d4ea8cf82c5b2d6cb2be755d295bc2ca8b3a69,9cc0c2fa2564d2988737310b1cf35a46867ea977d2a1daf130c94bedbd580af1
2023,4595,0.6276413519988022,0.36394397681702373,0.7296047075982971,0.7297062023939064,-0.00010149479560928043,0.02067971053275851,0.09661532098412988,1,5,0.5,0.6,False,439,0.5490660174560982,0.42369020501138954,0.05907588446676484,0.14613432399443815,0.05907588446676484,0.14613432399443815,0.05987681384531271,0.12119433183845571,0.046544136281612025,False,"Sin alerta según criterio exploratorio; no demuestra probabilidades calibradas, especialmente con muestras pequeñas.",5452865fae7ed675f43ffdaa29d4ea8cf82c5b2d6cb2be755d295bc2ca8b3a69,9cc0c2fa2564d2988737310b1cf35a46867ea977d2a1daf130c94bedbd580af1
2023,4595,0.6276413519988022,0.36394397681702373,0.7296047075982971,0.7297062023939064,-0.00010149479560928043,0.02067971053275851,0.09661532098412988,1,6,0.6,0.7,False,307,0.6464223496688694,0.5342019543973942,0.05907588446676484,0.14613432399443815,0.05907588446676484,0.14613432399443815,0.05987681384531271,0.12119433183845571,0.046544136281612025,False,"Sin alerta según criterio exploratorio; no demuestra probabilidades calibradas, especialmente con muestras pequeñas.",5452865fae7ed675f43ffdaa29d4ea8cf82c5b2d6cb2be755d295bc2ca8b3a69,9cc0c2fa2564d2988737310b1cf35a46867ea977d2a1daf130c94bedbd580af1
2023,4595,0.6276413519988022,0.36394397681702373,0.7296047075982971,0.7297062023939064,-0.00010149479560928043,0.02067971053275851,0.09661532098412988,1,7,0.7,0.8,False,151,0.7446164701948103,0.6026490066225165,0.05907588446676484,0.14613432399443815,0.05907588446676484,0.14613432399443815,0.05987681384531271,0.12119433183845571,0.046544136281612025,False,"Sin alerta según criterio exploratorio; no demuestra probabilidades calibradas, especialmente con muestras pequeñas.",5452865fae7ed675f43ffdaa29d4ea8cf82c5b2d6cb2be755d295bc2ca8b3a69,9cc0c2fa2564d2988737310b1cf35a46867ea977d2a1daf130c94bedbd580af1
2023,4595,0.6276413519988022,0.36394397681702373,0.7296047075982971,0.7297062023939064,-0.00010149479560928043,0.02067971053275851,0.09661532098412988,1,8,0.8,0.9,False,36,0.8303156478537453,0.75,0.05907588446676484,0.14613432399443815,0.05907588446676484,0.14613432399443815,0.05987681384531271,0.12119433183845571,0.046544136281612025,False,"Sin alerta según criterio exploratorio; no demuestra probabilidades calibradas, especialmente con muestras pequeñas.",5452865fae7ed675f43ffdaa29d4ea8cf82c5b2d6cb2be755d295bc2ca8b3a69,9cc0c2fa2564d2988737310b1cf35a46867ea977d2a1daf130c94bedbd580af1
2023,4595,0.6276413519988022,0.36394397681702373,0.7296047075982971,0.7297062023939064,-0.00010149479560928043,0.02067971053275851,0.09661532098412988,1,9,0.9,1.0,True,0,,,0.05907588446676484,0.14613432399443815,0.05907588446676484,0.14613432399443815,0.05987681384531271,0.12119433183845571,0.046544136281612025,False,"Sin alerta según criterio exploratorio; no demuestra probabilidades calibradas, especialmente con muestras pequeñas.",5452865fae7ed675f43ffdaa29d4ea8cf82c5b2d6cb2be755d295bc2ca8b3a69,9cc0c2fa2564d2988737310b1cf35a46867ea977d2a1daf130c94bedbd580af1
2023,4595,0.6276413519988022,0.36394397681702373,0.7296047075982971,0.7297062023939064,-0.00010149479560928043,0.02067971053275851,0.09661532098412988,2,0,0.0,0.1,False,1396,0.03703768085029555,0.05157593123209169,0.05987681384531271,0.12119433183845571,0.05907588446676484,0.14613432399443815,0.05987681384531271,0.12119433183845571,0.046544136281612025,False,"Sin alerta según criterio exploratorio; no demuestra probabilidades calibradas, especialmente con muestras pequeñas.",5452865fae7ed675f43ffdaa29d4ea8cf82c5b2d6cb2be755d295bc2ca8b3a69,9cc0c2fa2564d2988737310b1cf35a46867ea977d2a1daf130c94bedbd580af1
2023,4595,0.6276413519988022,0.36394397681702373,0.7296047075982971,0.7297062023939064,-0.00010149479560928043,0.02067971053275851,0.09661532098412988,2,1,0.1,0.2,False,493,0.14544672729035663,0.22920892494929007,0.05987681384531271,0.12119433183845571,0.05907588446676484,0.14613432399443815,0.05987681384531271,0.12119433183845571,0.046544136281612025,False,"Sin alerta según criterio exploratorio; no demuestra probabilidades calibradas, especialmente con muestras pequeñas.",5452865fae7ed675f43ffdaa29d4ea8cf82c5b2d6cb2be755d295bc2ca8b3a69,9cc0c2fa2564d2988737310b1cf35a46867ea977d2a1daf130c94bedbd580af1
2023,4595,0.6276413519988022,0.36394397681702373,0.7296047075982971,0.7297062023939064,-0.00010149479560928043,0.02067971053275851,0.09661532098412988,2,2,0.2,0.3,False,336,0.24800896578069245,0.3392857142857143,0.05987681384531271,0.12119433183845571,0.05907588446676484,0.14613432399443815,0.05987681384531271,0.12119433183845571,0.046544136281612025,False,"Sin alerta según criterio exploratorio; no demuestra probabilidades calibradas, especialmente con muestras pequeñas.",5452865fae7ed675f43ffdaa29d4ea8cf82c5b2d6cb2be755d295bc2ca8b3a69,9cc0c2fa2564d2988737310b1cf35a46867ea977d2a1daf130c94bedbd580af1
2023,4595,0.6276413519988022,0.36394397681702373,0.7296047075982971,0.7297062023939064,-0.00010149479560928043,0.02067971053275851,0.09661532098412988,2,3,0.3,0.4,False,298,0.3456131720902936,0.4563758389261745,0.05987681384531271,0.12119433183845571,0.05907588446676484,0.14613432399443815,0.05987681384531271,0.12119433183845571,0.046544136281612025,False,"Sin alerta según criterio exploratorio; no demuestra probabilidades calibradas, especialmente con muestras pequeñas.",5452865fae7ed675f43ffdaa29d4ea8cf82c5b2d6cb2be755d295bc2ca8b3a69,9cc0c2fa2564d2988737310b1cf35a46867ea977d2a1daf130c94bedbd580af1
2023,4595,0.6276413519988022,0.36394397681702373,0.7296047075982971,0.7297062023939064,-0.00010149479560928043,0.02067971053275851,0.09661532098412988,2,4,0.4,0.5,False,252,0.4493352153471538,0.623015873015873,0.05987681384531271,0.12119433183845571,0.05907588446676484,0.14613432399443815,0.05987681384531271,0.12119433183845571,0.046544136281612025,False,"Sin alerta según criterio exploratorio; no demuestra probabilidades calibradas, especialmente con muestras pequeñas.",5452865fae7ed675f43ffdaa29d4ea8cf82c5b2d6cb2be755d295bc2ca8b3a69,9cc0c2fa2564d2988737310b1cf35a46867ea977d2a1daf130c94bedbd580af1
2023,4595,0.6276413519988022,0.36394397681702373,0.7296047075982971,0.7297062023939064,-0.00010149479560928043,0.02067971053275851,0.09661532098412988,2,5,0.5,0.6,False,249,0.5484130676970425,0.6546184738955824,0.05987681384531271,0.12119433183845571,0.05907588446676484,0.14613432399443815,0.05987681384531271,0.12119433183845571,0.046544136281612025,False,"Sin alerta según criterio exploratorio; no demuestra probabilidades calibradas, especialmente con muestras pequeñas.",5452865fae7ed675f43ffdaa29d4ea8cf82c5b2d6cb2be755d295bc2ca8b3a69,9cc0c2fa2564d2988737310b1cf35a46867ea977d2a1daf130c94bedbd580af1
2023,4595,0.6276413519988022,0.36394397681702373,0.7296047075982971,0.7297062023939064,-0.00010149479560928043,0.02067971053275851,0.09661532098412988,2,6,0.6,0.7,False,208,0.6509810697573882,0.7932692307692307,0.05987681384531271,0.12119433183845571,0.05907588446676484,0.14613432399443815,0.05987681384531271,0.12119433183845571,0.046544136281612025,False,"Sin alerta según criterio exploratorio; no demuestra probabilidades calibradas, especialmente con muestras pequeñas.",5452865fae7ed675f43ffdaa29d4ea8cf82c5b2d6cb2be755d295bc2ca8b3a69,9cc0c2fa2564d2988737310b1cf35a46867ea977d2a1daf130c94bedbd580af1
2023,4595,0.6276413519988022,0.36394397681702373,0.7296047075982971,0.7297062023939064,-0.00010149479560928043,0.02067971053275851,0.09661532098412988,2,7,0.7,0.8,False,252,0.7535757711009373,0.8174603174603174,0.05987681384531271,0.12119433183845571,0.05907588446676484,0.14613432399443815,0.05987681384531271,0.12119433183845571,0.046544136281612025,False,"Sin alerta según criterio exploratorio; no demuestra probabilidades calibradas, especialmente con muestras pequeñas.",5452865fae7ed675f43ffdaa29d4ea8cf82c5b2d6cb2be755d295bc2ca8b3a69,9cc0c2fa2564d2988737310b1cf35a46867ea977d2a1daf130c94bedbd580af1
2023,4595,0.6276413519988022,0.36394397681702373,0.7296047075982971,0.7297062023939064,-0.00010149479560928043,0.02067971053275851,0.09661532098412988,2,8,0.8,0.9,False,352,0.8550276580181989,0.9090909090909091,0.05987681384531271,0.12119433183845571,0.05907588446676484,0.14613432399443815,0.05987681384531271,0.12119433183845571,0.046544136281612025,False,"Sin alerta según criterio exploratorio; no demuestra probabilidades calibradas, especialmente con muestras pequeñas.",5452865fae7ed675f43ffdaa29d4ea8cf82c5b2d6cb2be755d295bc2ca8b3a69,9cc0c2fa2564d2988737310b1cf35a46867ea977d2a1daf130c94bedbd580af1
2023,4595,0.6276413519988022,0.36394397681702373,0.7296047075982971,0.7297062023939064,-0.00010149479560928043,0.02067971053275851,0.09661532098412988,2,9,0.9,1.0,True,759,0.9605668550737605,0.9802371541501976,0.05987681384531271,0.12119433183845571,0.05907588446676484,0.14613432399443815,0.05987681384531271,0.12119433183845571,0.046544136281612025,False,"Sin alerta según criterio exploratorio; no demuestra probabilidades calibradas, especialmente con muestras pequeñas.",5452865fae7ed675f43ffdaa29d4ea8cf82c5b2d6cb2be755d295bc2ca8b3a69,9cc0c2fa2564d2988737310b1cf35a46867ea977d2a1daf130c94bedbd580af1
2024,4606,0.5935074597880869,0.34518754763568943,0.7375056032856495,0.7364307425097699,0.0010748607758795936,0.019001583262371766,0.08858295296836098,0,0,0.0,0.1,False,2155,0.030391368532138432,0.022737819025522042,0.019001583262371766,0.08858295296836098,0.06768430670361587,0.14205728601547574,0.06284396622956358,0.11454730865185271,0.04984328539851707,False,"Sin alerta según criterio exploratorio; no demuestra probabilidades calibradas, especialmente con muestras pequeñas.",83cd35a1966faa825a6fb63e282b2e8be4075103e5367ba2002c818b9868d845,82e3e09a6d00500d9ece05be7fcd7e8574008137b60089be5e265ba71766ada6
2024,4606,0.5935074597880869,0.34518754763568943,0.7375056032856495,0.7364307425097699,0.0010748607758795936,0.019001583262371766,0.08858295296836098,0,1,0.1,0.2,False,564,0.14388495142049823,0.12588652482269502,0.019001583262371766,0.08858295296836098,0.06768430670361587,0.14205728601547574,0.06284396622956358,0.11454730865185271,0.04984328539851707,False,"Sin alerta según criterio exploratorio; no demuestra probabilidades calibradas, especialmente con muestras pequeñas.",83cd35a1966faa825a6fb63e282b2e8be4075103e5367ba2002c818b9868d845,82e3e09a6d00500d9ece05be7fcd7e8574008137b60089be5e265ba71766ada6
2024,4606,0.5935074597880869,0.34518754763568943,0.7375056032856495,0.7364307425097699,0.0010748607758795936,0.019001583262371766,0.08858295296836098,0,2,0.2,0.3,False,336,0.2466758748605138,0.27380952380952384,0.019001583262371766,0.08858295296836098,0.06768430670361587,0.14205728601547574,0.06284396622956358,0.11454730865185271,0.04984328539851707,False,"Sin alerta según criterio exploratorio; no demuestra probabilidades calibradas, especialmente con muestras pequeñas.",83cd35a1966faa825a6fb63e282b2e8be4075103e5367ba2002c818b9868d845,82e3e09a6d00500d9ece05be7fcd7e8574008137b60089be5e265ba71766ada6
2024,4606,0.5935074597880869,0.34518754763568943,0.7375056032856495,0.7364307425097699,0.0010748607758795936,0.019001583262371766,0.08858295296836098,0,3,0.3,0.4,False,261,0.351057851565752,0.37547892720306514,0.019001583262371766,0.08858295296836098,0.06768430670361587,0.14205728601547574,0.06284396622956358,0.11454730865185271,0.04984328539851707,False,"Sin alerta según criterio exploratorio; no demuestra probabilidades calibradas, especialmente con muestras pequeñas.",83cd35a1966faa825a6fb63e282b2e8be4075103e5367ba2002c818b9868d845,82e3e09a6d00500d9ece05be7fcd7e8574008137b60089be5e265ba71766ada6
2024,4606,0.5935074597880869,0.34518754763568943,0.7375056032856495,0.7364307425097699,0.0010748607758795936,0.019001583262371766,0.08858295296836098,0,4,0.4,0.5,False,186,0.44908947874141,0.489247311827957,0.019001583262371766,0.08858295296836098,0.06768430670361587,0.14205728601547574,0.06284396622956358,0.11454730865185271,0.04984328539851707,False,"Sin alerta según criterio exploratorio; no demuestra probabilidades calibradas, especialmente con muestras pequeñas.",83cd35a1966faa825a6fb63e282b2e8be4075103e5367ba2002c818b9868d845,82e3e09a6d00500d9ece05be7fcd7e8574008137b60089be5e265ba71766ada6
2024,4606,0.5935074597880869,0.34518754763568943,0.7375056032856495,0.7364307425097699,0.0010748607758795936,0.019001583262371766,0.08858295296836098,0,5,0.5,0.6,False,119,0.5498895204367757,0.6218487394957983,0.019001583262371766,0.08858295296836098,0.06768430670361587,0.14205728601547574,0.06284396622956358,0.11454730865185271,0.04984328539851707,False,"Sin alerta según criterio exploratorio; no demuestra probabilidades calibradas, especialmente con muestras pequeñas.",83cd35a1966faa825a6fb63e282b2e8be4075103e5367ba2002c818b9868d845,82e3e09a6d00500d9ece05be7fcd7e8574008137b60089be5e265ba71766ada6
2024,4606,0.5935074597880869,0.34518754763568943,0.7375056032856495,0.7364307425097699,0.0010748607758795936,0.019001583262371766,0.08858295296836098,0,6,0.6,0.7,False,153,0.653391056980183,0.6143790849673203,0.019001583262371766,0.08858295296836098,0.06768430670361587,0.14205728601547574,0.06284396622956358,0.11454730865185271,0.04984328539851707,False,"Sin alerta según criterio exploratorio; no demuestra probabilidades calibradas, especialmente con muestras pequeñas.",83cd35a1966faa825a6fb63e282b2e8be4075103e5367ba2002c818b9868d845,82e3e09a6d00500d9ece05be7fcd7e8574008137b60089be5e265ba71766ada6
2024,4606,0.5935074597880869,0.34518754763568943,0.7375056032856495,0.7364307425097699,0.0010748607758795936,0.019001583262371766,0.08858295296836098,0,7,0.7,0.8,False,153,0.7578157868260652,0.7712418300653595,0.019001583262371766,0.08858295296836098,0.06768430670361587,0.14205728601547574,0.06284396622956358,0.11454730865185271,0.04984328539851707,False,"Sin alerta según criterio exploratorio; no demuestra probabilidades calibradas, especialmente con muestras pequeñas.",83cd35a1966faa825a6fb63e282b2e8be4075103e5367ba2002c818b9868d845,82e3e09a6d00500d9ece05be7fcd7e8574008137b60089be5e265ba71766ada6
2024,4606,0.5935074597880869,0.34518754763568943,0.7375056032856495,0.7364307425097699,0.0010748607758795936,0.019001583262371766,0.08858295296836098,0,8,0.8,0.9,False,272,0.8538997940280858,0.8970588235294118,0.019001583262371766,0.08858295296836098,0.06768430670361587,0.14205728601547574,0.06284396622956358,0.11454730865185271,0.04984328539851707,False,"Sin alerta según criterio exploratorio; no demuestra probabilidades calibradas, especialmente con muestras pequeñas.",83cd35a1966faa825a6fb63e282b2e8be4075103e5367ba2002c818b9868d845,82e3e09a6d00500d9ece05be7fcd7e8574008137b60089be5e265ba71766ada6
2024,4606,0.5935074597880869,0.34518754763568943,0.7375056032856495,0.7364307425097699,0.0010748607758795936,0.019001583262371766,0.08858295296836098,0,9,0.9,1.0,True,407,0.9543213819403027,0.9778869778869779,0.019001583262371766,0.08858295296836098,0.06768430670361587,0.14205728601547574,0.06284396622956358,0.11454730865185271,0.04984328539851707,False,"Sin alerta según criterio exploratorio; no demuestra probabilidades calibradas, especialmente con muestras pequeñas.",83cd35a1966faa825a6fb63e282b2e8be4075103e5367ba2002c818b9868d845,82e3e09a6d00500d9ece05be7fcd7e8574008137b60089be5e265ba71766ada6
2024,4606,0.5935074597880869,0.34518754763568943,0.7375056032856495,0.7364307425097699,0.0010748607758795936,0.019001583262371766,0.08858295296836098,1,0,0.0,0.1,False,1428,0.03523014377556736,0.0273109243697479,0.06768430670361587,0.14205728601547574,0.06768430670361587,0.14205728601547574,0.06284396622956358,0.11454730865185271,0.04984328539851707,False,"Sin alerta según criterio exploratorio; no demuestra probabilidades calibradas, especialmente con muestras pequeñas.",83cd35a1966faa825a6fb63e282b2e8be4075103e5367ba2002c818b9868d845,82e3e09a6d00500d9ece05be7fcd7e8574008137b60089be5e265ba71766ada6
2024,4606,0.5935074597880869,0.34518754763568943,0.7375056032856495,0.7364307425097699,0.0010748607758795936,0.019001583262371766,0.08858295296836098,1,1,0.1,0.2,False,625,0.14678218063116075,0.0912,0.06768430670361587,0.14205728601547574,0.06768430670361587,0.14205728601547574,0.06284396622956358,0.11454730865185271,0.04984328539851707,False,"Sin alerta según criterio exploratorio; no demuestra probabilidades calibradas, especialmente con muestras pequeñas.",83cd35a1966faa825a6fb63e282b2e8be4075103e5367ba2002c818b9868d845,82e3e09a6d00500d9ece05be7fcd7e8574008137b60089be5e265ba71766ada6
2024,4606,0.5935074597880869,0.34518754763568943,0.7375056032856495,0.7364307425097699,0.0010748607758795936,0.019001583262371766,0.08858295296836098,1,2,0.2,0.3,False,444,0.2496056310362644,0.17342342342342343,0.06768430670361587,0.14205728601547574,0.06768430670361587,0.14205728601547574,0.06284396622956358,0.11454730865185271,0.04984328539851707,False,"Sin alerta según criterio exploratorio; no demuestra probabilidades calibradas, especialmente con muestras pequeñas.",83cd35a1966faa825a6fb63e282b2e8be4075103e5367ba2002c818b9868d845,82e3e09a6d00500d9ece05be7fcd7e8574008137b60089be5e265ba71766ada6
2024,4606,0.5935074597880869,0.34518754763568943,0.7375056032856495,0.7364307425097699,0.0010748607758795936,0.019001583262371766,0.08858295296836098,1,3,0.3,0.4,False,443,0.35045239349520235,0.2528216704288939,0.06768430670361587,0.14205728601547574,0.06768430670361587,0.14205728601547574,0.06284396622956358,0.11454730865185271,0.04984328539851707,False,"Sin alerta según criterio exploratorio; no demuestra probabilidades calibradas, especialmente con muestras pequeñas.",83cd35a1966faa825a6fb63e282b2e8be4075103e5367ba2002c818b9868d845,82e3e09a6d00500d9ece05be7fcd7e8574008137b60089be5e265ba71766ada6
2024,4606,0.5935074597880869,0.34518754763568943,0.7375056032856495,0.7364307425097699,0.0010748607758795936,0.019001583262371766,0.08858295296836098,1,4,0.4,0.5,False,493,0.4528354411192888,0.34279918864097364,0.06768430670361587,0.14205728601547574,0.06768430670361587,0.14205728601547574,0.06284396622956358,0.11454730865185271,0.04984328539851707,False,"Sin alerta según criterio exploratorio; no demuestra probabilidades calibradas, especialmente con muestras pequeñas.",83cd35a1966faa825a6fb63e282b2e8be4075103e5367ba2002c818b9868d845,82e3e09a6d00500d9ece05be7fcd7e8574008137b60089be5e265ba71766ada6
2024,4606,0.5935074597880869,0.34518754763568943,0.7375056032856495,0.7364307425097699,0.0010748607758795936,0.019001583262371766,0.08858295296836098,1,5,0.5,0.6,False,488,0.5502766557648534,0.3831967213114754,0.06768430670361587,0.14205728601547574,0.06768430670361587,0.14205728601547574,0.06284396622956358,0.11454730865185271,0.04984328539851707,False,"Sin alerta según criterio exploratorio; no demuestra probabilidades calibradas, especialmente con muestras pequeñas.",83cd35a1966faa825a6fb63e282b2e8be4075103e5367ba2002c818b9868d845,82e3e09a6d00500d9ece05be7fcd7e8574008137b60089be5e265ba71766ada6
2024,4606,0.5935074597880869,0.34518754763568943,0.7375056032856495,0.7364307425097699,0.0010748607758795936,0.019001583262371766,0.08858295296836098,1,6,0.6,0.7,False,401,0.6459293080089693,0.57356608478803,0.06768430670361587,0.14205728601547574,0.06768430670361587,0.14205728601547574,0.06284396622956358,0.11454730865185271,0.04984328539851707,False,"Sin alerta según criterio exploratorio; no demuestra probabilidades calibradas, especialmente con muestras pequeñas.",83cd35a1966faa825a6fb63e282b2e8be4075103e5367ba2002c818b9868d845,82e3e09a6d00500d9ece05be7fcd7e8574008137b60089be5e265ba71766ada6
2024,4606,0.5935074597880869,0.34518754763568943,0.7375056032856495,0.7364307425097699,0.0010748607758795936,0.019001583262371766,0.08858295296836098,1,7,0.7,0.8,False,238,0.7427573950350785,0.6680672268907563,0.06768430670361587,0.14205728601547574,0.06768430670361587,0.14205728601547574,0.06284396622956358,0.11454730865185271,0.04984328539851707,False,"Sin alerta según criterio exploratorio; no demuestra probabilidades calibradas, especialmente con muestras pequeñas.",83cd35a1966faa825a6fb63e282b2e8be4075103e5367ba2002c818b9868d845,82e3e09a6d00500d9ece05be7fcd7e8574008137b60089be5e265ba71766ada6
2024,4606,0.5935074597880869,0.34518754763568943,0.7375056032856495,0.7364307425097699,0.0010748607758795936,0.019001583262371766,0.08858295296836098,1,8,0.8,0.9,False,46,0.827267499073692,0.6956521739130435,0.06768430670361587,0.14205728601547574,0.06768430670361587,0.14205728601547574,0.06284396622956358,0.11454730865185271,0.04984328539851707,False,"Sin alerta según criterio exploratorio; no demuestra probabilidades calibradas, especialmente con muestras pequeñas.",83cd35a1966faa825a6fb63e282b2e8be4075103e5367ba2002c818b9868d845,82e3e09a6d00500d9ece05be7fcd7e8574008137b60089be5e265ba71766ada6
2024,4606,0.5935074597880869,0.34518754763568943,0.7375056032856495,0.7364307425097699,0.0010748607758795936,0.019001583262371766,0.08858295296836098,1,9,0.9,1.0,True,0,,,0.06768430670361587,0.14205728601547574,0.06768430670361587,0.14205728601547574,0.06284396622956358,0.11454730865185271,0.04984328539851707,False,"Sin alerta según criterio exploratorio; no demuestra probabilidades calibradas, especialmente con muestras pequeñas.",83cd35a1966faa825a6fb63e282b2e8be4075103e5367ba2002c818b9868d845,82e3e09a6d00500d9ece05be7fcd7e8574008137b60089be5e265ba71766ada6
2024,4606,0.5935074597880869,0.34518754763568943,0.7375056032856495,0.7364307425097699,0.0010748607758795936,0.019001583262371766,0.08858295296836098,2,0,0.0,0.1,False,1399,0.037627149178573946,0.057183702644746245,0.06284396622956358,0.11454730865185271,0.06768430670361587,0.14205728601547574,0.06284396622956358,0.11454730865185271,0.04984328539851707,False,"Sin alerta según criterio exploratorio; no demuestra probabilidades calibradas, especialmente con muestras pequeñas.",83cd35a1966faa825a6fb63e282b2e8be4075103e5367ba2002c818b9868d845,82e3e09a6d00500d9ece05be7fcd7e8574008137b60089be5e265ba71766ada6
2024,4606,0.5935074597880869,0.34518754763568943,0.7375056032856495,0.7364307425097699,0.0010748607758795936,0.019001583262371766,0.08858295296836098,2,1,0.1,0.2,False,556,0.1420387586833333,0.19424460431654678,0.06284396622956358,0.11454730865185271,0.06768430670361587,0.14205728601547574,0.06284396622956358,0.11454730865185271,0.04984328539851707,False,"Sin alerta según criterio exploratorio; no demuestra probabilidades calibradas, especialmente con muestras pequeñas.",83cd35a1966faa825a6fb63e282b2e8be4075103e5367ba2002c818b9868d845,82e3e09a6d00500d9ece05be7fcd7e8574008137b60089be5e265ba71766ada6
2024,4606,0.5935074597880869,0.34518754763568943,0.7375056032856495,0.7364307425097699,0.0010748607758795936,0.019001583262371766,0.08858295296836098,2,2,0.2,0.3,False,350,0.24439262534890857,0.29428571428571426,0.06284396622956358,0.11454730865185271,0.06768430670361587,0.14205728601547574,0.06284396622956358,0.11454730865185271,0.04984328539851707,False,"Sin alerta según criterio exploratorio; no demuestra probabilidades calibradas, especialmente con muestras pequeñas.",83cd35a1966faa825a6fb63e282b2e8be4075103e5367ba2002c818b9868d845,82e3e09a6d00500d9ece05be7fcd7e8574008137b60089be5e265ba71766ada6
2024,4606,0.5935074597880869,0.34518754763568943,0.7375056032856495,0.7364307425097699,0.0010748607758795936,0.019001583262371766,0.08858295296836098,2,3,0.3,0.4,False,262,0.3492011270905269,0.5572519083969466,0.06284396622956358,0.11454730865185271,0.06768430670361587,0.14205728601547574,0.06284396622956358,0.11454730865185271,0.04984328539851707,False,"Sin alerta según criterio exploratorio; no demuestra probabilidades calibradas, especialmente con muestras pequeñas.",83cd35a1966faa825a6fb63e282b2e8be4075103e5367ba2002c818b9868d845,82e3e09a6d00500d9ece05be7fcd7e8574008137b60089be5e265ba71766ada6
2024,4606,0.5935074597880869,0.34518754763568943,0.7375056032856495,0.7364307425097699,0.0010748607758795936,0.019001583262371766,0.08858295296836098,2,4,0.4,0.5,False,237,0.45037667346403065,0.6244725738396625,0.06284396622956358,0.11454730865185271,0.06768430670361587,0.14205728601547574,0.06284396622956358,0.11454730865185271,0.04984328539851707,False,"Sin alerta según criterio exploratorio; no demuestra probabilidades calibradas, especialmente con muestras pequeñas.",83cd35a1966faa825a6fb63e282b2e8be4075103e5367ba2002c818b9868d845,82e3e09a6d00500d9ece05be7fcd7e8574008137b60089be5e265ba71766ada6
2024,4606,0.5935074597880869,0.34518754763568943,0.7375056032856495,0.7364307425097699,0.0010748607758795936,0.019001583262371766,0.08858295296836098,2,5,0.5,0.6,False,206,0.5510835285904339,0.7524271844660194,0.06284396622956358,0.11454730865185271,0.06768430670361587,0.14205728601547574,0.06284396622956358,0.11454730865185271,0.04984328539851707,False,"Sin alerta según criterio exploratorio; no demuestra probabilidades calibradas, especialmente con muestras pequeñas.",83cd35a1966faa825a6fb63e282b2e8be4075103e5367ba2002c818b9868d845,82e3e09a6d00500d9ece05be7fcd7e8574008137b60089be5e265ba71766ada6
2024,4606,0.5935074597880869,0.34518754763568943,0.7375056032856495,0.7364307425097699,0.0010748607758795936,0.019001583262371766,0.08858295296836098,2,6,0.6,0.7,False,192,0.648007464595139,0.7604166666666666,0.06284396622956358,0.11454730865185271,0.06768430670361587,0.14205728601547574,0.06284396622956358,0.11454730865185271,0.04984328539851707,False,"Sin alerta según criterio exploratorio; no demuestra probabilidades calibradas, especialmente con muestras pequeñas.",83cd35a1966faa825a6fb63e282b2e8be4075103e5367ba2002c818b9868d845,82e3e09a6d00500d9ece05be7fcd7e8574008137b60089be5e265ba71766ada6
2024,4606,0.5935074597880869,0.34518754763568943,0.7375056032856495,0.7364307425097699,0.0010748607758795936,0.019001583262371766,0.08858295296836098,2,7,0.7,0.8,False,235,0.7533867602652692,0.8638297872340426,0.06284396622956358,0.11454730865185271,0.06768430670361587,0.14205728601547574,0.06284396622956358,0.11454730865185271,0.04984328539851707,False,"Sin alerta según criterio exploratorio; no demuestra probabilidades calibradas, especialmente con muestras pequeñas.",83cd35a1966faa825a6fb63e282b2e8be4075103e5367ba2002c818b9868d845,82e3e09a6d00500d9ece05be7fcd7e8574008137b60089be5e265ba71766ada6
2024,4606,0.5935074597880869,0.34518754763568943,0.7375056032856495,0.7364307425097699,0.0010748607758795936,0.019001583262371766,0.08858295296836098,2,8,0.8,0.9,False,323,0.8542581567823333,0.9102167182662538,0.06284396622956358,0.11454730865185271,0.06768430670361587,0.14205728601547574,0.06284396622956358,0.11454730865185271,0.04984328539851707,False,"Sin alerta según criterio exploratorio; no demuestra probabilidades calibradas, especialmente con muestras pequeñas.",83cd35a1966faa825a6fb63e282b2e8be4075103e5367ba2002c818b9868d845,82e3e09a6d00500d9ece05be7fcd7e8574008137b60089be5e265ba71766ada6
2024,4606,0.5935074597880869,0.34518754763568943,0.7375056032856495,0.7364307425097699,0.0010748607758795936,0.019001583262371766,0.08858295296836098,2,9,0.9,1.0,True,846,0.9683776132885727,0.983451536643026,0.06284396622956358,0.11454730865185271,0.06768430670361587,0.14205728601547574,0.06284396622956358,0.11454730865185271,0.04984328539851707,False,"Sin alerta según criterio exploratorio; no demuestra probabilidades calibradas, especialmente con muestras pequeñas.",83cd35a1966faa825a6fb63e282b2e8be4075103e5367ba2002c818b9868d845,82e3e09a6d00500d9ece05be7fcd7e8574008137b60089be5e265ba71766ada6
