variable,anio_prueba,importancia_f1_macro_media,importancia_f1_macro_std,f1_macro_sin_permutar,n_test,n_muestra,repeticiones,random_state,metodo,es_causal,conjunto
anio,2018,0.0,0.0,0.6995236103235855,4292,1000,3,42,permutacion_en_test_temporal,False,D
mes,2018,0.007740904667583408,0.003934904658280291,0.6995236103235855,4292,1000,3,42,permutacion_en_test_temporal,False,D
departamento,2018,0.0,0.0,0.6995236103235855,4292,1000,3,42,permutacion_en_test_temporal,False,D
provincia,2018,0.0,0.0,0.6995236103235855,4292,1000,3,42,permutacion_en_test_temporal,False,D
distrito,2018,0.003384969653814888,0.0008564961356282415,0.6995236103235855,4292,1000,3,42,permutacion_en_test_temporal,False,D
sector,2018,0.00038244335619093867,0.0035273178313643865,0.6995236103235855,4292,1000,3,42,permutacion_en_test_temporal,False,D
categoria_ipress,2018,0.010405541713173908,0.0019013894662735819,0.6995236103235855,4292,1000,3,42,permutacion_en_test_temporal,False,D
servicio_hospitalizacion,2018,0.0043496347638790995,0.0017329156923861458,0.6995236103235855,4292,1000,3,42,permutacion_en_test_temporal,False,D
total_ingresos,2018,0.0027193572292146064,0.0017498165051852792,0.6995236103235855,4292,1000,3,42,permutacion_en_test_temporal,False,D
total_egresos,2018,-0.001016579153478155,0.0018072627503951757,0.6995236103235855,4292,1000,3,42,permutacion_en_test_temporal,False,D
total_estancias,2018,0.005817709611906012,0.003108780440536409,0.6995236103235855,4292,1000,3,42,permutacion_en_test_temporal,False,D
total_pacientes_camas,2018,-0.0021363860678756583,0.0015425097077563419,0.6995236103235855,4292,1000,3,42,permutacion_en_test_temporal,False,D
total_camas,2018,0.0025795007393243363,0.00219958565948707,0.6995236103235855,4292,1000,3,42,permutacion_en_test_temporal,False,D
total_camas_disponibles,2018,0.0038254036945919814,0.0007137805160594924,0.6995236103235855,4292,1000,3,42,permutacion_en_test_temporal,False,D
total_fallecidos,2018,-0.0007782883344228017,0.0007799867147100157,0.6995236103235855,4292,1000,3,42,permutacion_en_test_temporal,False,D
dias_mes,2018,0.008820981886775678,0.0035779650831144778,0.6995236103235855,4292,1000,3,42,permutacion_en_test_temporal,False,D
promedio_estancia,2018,0.0023678448120810027,0.0025337421286184803,0.6995236103235855,4292,1000,3,42,permutacion_en_test_temporal,False,D
tasa_fallecidos,2018,2.7971487101763337e-05,0.001159885032399414,0.6995236103235855,4292,1000,3,42,permutacion_en_test_temporal,False,D
ratio_camas_disponibles,2018,0.0016704759965298817,0.0005366416065409668,0.6995236103235855,4292,1000,3,42,permutacion_en_test_temporal,False,D
ocupacion_estimada,2018,0.014002343070862936,0.0005135515072736144,0.6995236103235855,4292,1000,3,42,permutacion_en_test_temporal,False,D
presion_ingresos_camas,2018,-0.002464351845294551,0.000740310129230274,0.6995236103235855,4292,1000,3,42,permutacion_en_test_temporal,False,D
rotacion_camas,2018,0.000791534920095612,0.001657900244747553,0.6995236103235855,4292,1000,3,42,permutacion_en_test_temporal,False,D
diferencia_ingresos_egresos,2018,0.010365570065489141,0.005257816308368243,0.6995236103235855,4292,1000,3,42,permutacion_en_test_temporal,False,D
trimestre,2018,-0.0008048516920918422,0.0005691160893276087,0.6995236103235855,4292,1000,3,42,permutacion_en_test_temporal,False,D
semestre,2018,0.0,0.0,0.6995236103235855,4292,1000,3,42,permutacion_en_test_temporal,False,D
mes_sin,2018,0.000802848251235296,0.0016720399840564155,0.6995236103235855,4292,1000,3,42,permutacion_en_test_temporal,False,D
mes_cos,2018,0.002794447053201495,0.0032287038956657905,0.6995236103235855,4292,1000,3,42,permutacion_en_test_temporal,False,D
es_fin_de_anio,2018,0.0,0.0,0.6995236103235855,4292,1000,3,42,permutacion_en_test_temporal,False,D
promedio_movil_3m_ocupacion,2018,0.014097566832043551,0.006253095171090075,0.6995236103235855,4292,1000,3,42,permutacion_en_test_temporal,False,D
promedio_movil_3m_presion,2018,0.0037699969912952103,0.0026039189189114163,0.6995236103235855,4292,1000,3,42,permutacion_en_test_temporal,False,D
promedio_movil_3m_ingresos,2018,-0.003126667027543865,0.0023147713856028125,0.6995236103235855,4292,1000,3,42,permutacion_en_test_temporal,False,D
promedio_movil_3m_egresos,2018,-0.0009514355130995448,0.00197315308135086,0.6995236103235855,4292,1000,3,42,permutacion_en_test_temporal,False,D
promedio_movil_3m_estancias,2018,-0.0008895817604086531,0.002872227902023501,0.6995236103235855,4292,1000,3,42,permutacion_en_test_temporal,False,D
tendencia_ocupacion_1m,2018,-0.004082248391468572,0.0010910206328110154,0.6995236103235855,4292,1000,3,42,permutacion_en_test_temporal,False,D
tendencia_presion_1m,2018,0.007598562553262633,0.0029252147762775706,0.6995236103235855,4292,1000,3,42,permutacion_en_test_temporal,False,D
tendencia_ingresos_1m,2018,0.0026623789088122685,0.002980152042807013,0.6995236103235855,4292,1000,3,42,permutacion_en_test_temporal,False,D
tendencia_egresos_1m,2018,0.0013469866266269486,0.004031429703803945,0.6995236103235855,4292,1000,3,42,permutacion_en_test_temporal,False,D
ocupacion_lag_1m,2018,0.0001753052361522789,0.0010274796178937526,0.6995236103235855,4292,1000,3,42,permutacion_en_test_temporal,False,D
ocupacion_lag_2m,2018,0.0046745130565717385,0.0018227408417896289,0.6995236103235855,4292,1000,3,42,permutacion_en_test_temporal,False,D
ocupacion_lag_3m,2018,-0.0023711035713193476,0.004092076664398979,0.6995236103235855,4292,1000,3,42,permutacion_en_test_temporal,False,D
pacientes_camas_lag_1m,2018,-0.0008777833530723885,0.0018335506681690012,0.6995236103235855,4292,1000,3,42,permutacion_en_test_temporal,False,D
pacientes_camas_lag_2m,2018,0.005030891737399641,0.0015464740240032765,0.6995236103235855,4292,1000,3,42,permutacion_en_test_temporal,False,D
camas_disponibles_lag_1m,2018,0.00014477096358500585,0.0006790051432504815,0.6995236103235855,4292,1000,3,42,permutacion_en_test_temporal,False,D
camas_disponibles_lag_2m,2018,0.004010009888806991,0.0005658800538260494,0.6995236103235855,4292,1000,3,42,permutacion_en_test_temporal,False,D
ingresos_lag_1m,2018,-0.00017246418788393245,0.0006245451375115953,0.6995236103235855,4292,1000,3,42,permutacion_en_test_temporal,False,D
ingresos_lag_2m,2018,0.0014618836029346809,0.0029215249203020733,0.6995236103235855,4292,1000,3,42,permutacion_en_test_temporal,False,D
egresos_lag_1m,2018,0.0032367805063708843,0.0007254283586315271,0.6995236103235855,4292,1000,3,42,permutacion_en_test_temporal,False,D
egresos_lag_2m,2018,0.0020877838689623562,0.003472462741112452,0.6995236103235855,4292,1000,3,42,permutacion_en_test_temporal,False,D
cambio_ocupacion_2m,2018,0.0021506866321101548,0.0024210017176916065,0.6995236103235855,4292,1000,3,42,permutacion_en_test_temporal,False,D
cambio_pacientes_camas_1m,2018,0.0018060358062896482,0.002011793115851471,0.6995236103235855,4292,1000,3,42,permutacion_en_test_temporal,False,D
cambio_camas_disponibles_1m,2018,-0.0017208024011849954,0.001705306303125358,0.6995236103235855,4292,1000,3,42,permutacion_en_test_temporal,False,D
aceleracion_ocupacion,2018,0.0006986610834004425,0.0035821529998814458,0.6995236103235855,4292,1000,3,42,permutacion_en_test_temporal,False,D
max_ocupacion_3m,2018,0.0023262227950526793,0.001775730013527343,0.6995236103235855,4292,1000,3,42,permutacion_en_test_temporal,False,D
min_ocupacion_3m,2018,0.001239704127813342,0.0016427244800598852,0.6995236103235855,4292,1000,3,42,permutacion_en_test_temporal,False,D
desviacion_ocupacion_3m,2018,0.002172321639765995,0.0014958289628648291,0.6995236103235855,4292,1000,3,42,permutacion_en_test_temporal,False,D
promedio_ocupacion_6m,2018,0.013391422678917611,0.0022964643630068726,0.6995236103235855,4292,1000,3,42,permutacion_en_test_temporal,False,D
max_presion_3m,2018,0.0009546724908442809,0.002085021778146344,0.6995236103235855,4292,1000,3,42,permutacion_en_test_temporal,False,D
promedio_pacientes_camas_3m,2018,0.0025833845745728925,0.0008455148577227859,0.6995236103235855,4292,1000,3,42,permutacion_en_test_temporal,False,D
promedio_camas_disponibles_3m,2018,0.004225610740695125,0.0017901548767038876,0.6995236103235855,4292,1000,3,42,permutacion_en_test_temporal,False,D
meses_alto_ultimos_3m,2018,-0.0017395585613809716,0.0008809354243372405,0.6995236103235855,4292,1000,3,42,permutacion_en_test_temporal,False,D
meses_alto_ultimos_6m,2018,-9.11911171744458e-05,0.001861078324904825,0.6995236103235855,4292,1000,3,42,permutacion_en_test_temporal,False,D
meses_medio_alto_ultimos_3m,2018,0.0010001357048999109,0.0013603179128744607,0.6995236103235855,4292,1000,3,42,permutacion_en_test_temporal,False,D
meses_consecutivos_alto,2018,0.005690173868547384,0.002832051356078279,0.6995236103235855,4292,1000,3,42,permutacion_en_test_temporal,False,D
margen_umbral_alto,2018,0.004569345330271128,0.0020367248518598988,0.6995236103235855,4292,1000,3,42,permutacion_en_test_temporal,False,D
margen_umbral_medio,2018,0.0018496672306991258,0.0013161534492399166,0.6995236103235855,4292,1000,3,42,permutacion_en_test_temporal,False,D
distancia_absoluta_umbral_alto,2018,0.012152235883471177,0.004644319111744524,0.6995236103235855,4292,1000,3,42,permutacion_en_test_temporal,False,D
crecimiento_demanda_1m,2018,0.0035860666547284183,0.0016585509828768439,0.6995236103235855,4292,1000,3,42,permutacion_en_test_temporal,False,D
crecimiento_capacidad_1m,2018,0.0006740947833088576,0.0023969027361412354,0.6995236103235855,4292,1000,3,42,permutacion_en_test_temporal,False,D
brecha_crecimiento_demanda_capacidad,2018,0.00236880893158938,0.0009457697307186848,0.6995236103235855,4292,1000,3,42,permutacion_en_test_temporal,False,D
anio,2021,0.0,0.0,0.7096648703632579,3996,1000,3,42,permutacion_en_test_temporal,False,D
mes,2021,0.004305696916105088,0.002185704572314828,0.7096648703632579,3996,1000,3,42,permutacion_en_test_temporal,False,D
departamento,2021,0.0,0.0,0.7096648703632579,3996,1000,3,42,permutacion_en_test_temporal,False,D
provincia,2021,0.0,0.0,0.7096648703632579,3996,1000,3,42,permutacion_en_test_temporal,False,D
distrito,2021,0.0018688047269074988,0.0021945218449229945,0.7096648703632579,3996,1000,3,42,permutacion_en_test_temporal,False,D
sector,2021,0.0026054401834388527,0.0035761183450865462,0.7096648703632579,3996,1000,3,42,permutacion_en_test_temporal,False,D
categoria_ipress,2021,0.005217391141213372,0.004139360458625012,0.7096648703632579,3996,1000,3,42,permutacion_en_test_temporal,False,D
servicio_hospitalizacion,2021,0.005742250941807951,0.0028714044311092236,0.7096648703632579,3996,1000,3,42,permutacion_en_test_temporal,False,D
total_ingresos,2021,-0.0030374042598562876,0.002603337142897615,0.7096648703632579,3996,1000,3,42,permutacion_en_test_temporal,False,D
total_egresos,2021,0.000752424405023322,0.0020424681578414374,0.7096648703632579,3996,1000,3,42,permutacion_en_test_temporal,False,D
total_estancias,2021,-0.0001915173514105787,0.0010563883667952952,0.7096648703632579,3996,1000,3,42,permutacion_en_test_temporal,False,D
total_pacientes_camas,2021,-0.00022480332717130422,0.0017002858033968423,0.7096648703632579,3996,1000,3,42,permutacion_en_test_temporal,False,D
total_camas,2021,-0.0009121243790404984,0.0036431224240347482,0.7096648703632579,3996,1000,3,42,permutacion_en_test_temporal,False,D
total_camas_disponibles,2021,-0.0017440930589802302,0.0012810590119410816,0.7096648703632579,3996,1000,3,42,permutacion_en_test_temporal,False,D
total_fallecidos,2021,-0.0006638945286914962,0.0005549661246514859,0.7096648703632579,3996,1000,3,42,permutacion_en_test_temporal,False,D
dias_mes,2021,0.006671375886136495,0.001260168534972493,0.7096648703632579,3996,1000,3,42,permutacion_en_test_temporal,False,D
promedio_estancia,2021,0.0014925640722884825,0.0008647278551921014,0.7096648703632579,3996,1000,3,42,permutacion_en_test_temporal,False,D
tasa_fallecidos,2021,0.00400589791952366,0.0012872403620775028,0.7096648703632579,3996,1000,3,42,permutacion_en_test_temporal,False,D
ratio_camas_disponibles,2021,-0.00099089113291236,0.001865450402870401,0.7096648703632579,3996,1000,3,42,permutacion_en_test_temporal,False,D
ocupacion_estimada,2021,0.05029124776871282,0.008246869123021848,0.7096648703632579,3996,1000,3,42,permutacion_en_test_temporal,False,D
presion_ingresos_camas,2021,0.000645369556270999,0.004080957336515901,0.7096648703632579,3996,1000,3,42,permutacion_en_test_temporal,False,D
rotacion_camas,2021,9.622166019529477e-05,0.002178643518775701,0.7096648703632579,3996,1000,3,42,permutacion_en_test_temporal,False,D
diferencia_ingresos_egresos,2021,0.006978018357360487,0.0030019015080296253,0.7096648703632579,3996,1000,3,42,permutacion_en_test_temporal,False,D
trimestre,2021,0.0003578113792657896,0.0007497195097656051,0.7096648703632579,3996,1000,3,42,permutacion_en_test_temporal,False,D
semestre,2021,0.0,0.0,0.7096648703632579,3996,1000,3,42,permutacion_en_test_temporal,False,D
mes_sin,2021,0.0008258027896795861,0.0029416438446407574,0.7096648703632579,3996,1000,3,42,permutacion_en_test_temporal,False,D
mes_cos,2021,-0.0023968028814581968,0.00173311062988081,0.7096648703632579,3996,1000,3,42,permutacion_en_test_temporal,False,D
es_fin_de_anio,2021,0.0,0.0,0.7096648703632579,3996,1000,3,42,permutacion_en_test_temporal,False,D
promedio_movil_3m_ocupacion,2021,0.014321868293272496,0.003721443219936364,0.7096648703632579,3996,1000,3,42,permutacion_en_test_temporal,False,D
promedio_movil_3m_presion,2021,-0.002071213729286018,0.0035006548913471534,0.7096648703632579,3996,1000,3,42,permutacion_en_test_temporal,False,D
promedio_movil_3m_ingresos,2021,-0.00346796839295882,0.0010200337213465505,0.7096648703632579,3996,1000,3,42,permutacion_en_test_temporal,False,D
promedio_movil_3m_egresos,2021,-0.002586391978057175,0.0007897917888184275,0.7096648703632579,3996,1000,3,42,permutacion_en_test_temporal,False,D
promedio_movil_3m_estancias,2021,0.002870240547042102,0.0012790710499975364,0.7096648703632579,3996,1000,3,42,permutacion_en_test_temporal,False,D
tendencia_ocupacion_1m,2021,-0.0018409675955011195,0.003595215355848095,0.7096648703632579,3996,1000,3,42,permutacion_en_test_temporal,False,D
tendencia_presion_1m,2021,0.0024959873269966293,0.0023261081070535482,0.7096648703632579,3996,1000,3,42,permutacion_en_test_temporal,False,D
tendencia_ingresos_1m,2021,0.0032472568743637056,0.0011281675090364376,0.7096648703632579,3996,1000,3,42,permutacion_en_test_temporal,False,D
tendencia_egresos_1m,2021,-0.0019146082857729823,0.00038458626405810375,0.7096648703632579,3996,1000,3,42,permutacion_en_test_temporal,False,D
ocupacion_lag_1m,2021,0.006174270049828623,0.003050770180251789,0.7096648703632579,3996,1000,3,42,permutacion_en_test_temporal,False,D
ocupacion_lag_2m,2021,0.003195200407240454,0.0022030074269087855,0.7096648703632579,3996,1000,3,42,permutacion_en_test_temporal,False,D
ocupacion_lag_3m,2021,0.0003808697576835514,0.0027586777320032932,0.7096648703632579,3996,1000,3,42,permutacion_en_test_temporal,False,D
pacientes_camas_lag_1m,2021,-0.0008236040912545558,0.003149988526850624,0.7096648703632579,3996,1000,3,42,permutacion_en_test_temporal,False,D
pacientes_camas_lag_2m,2021,0.0007346532364205979,0.003934641763521029,0.7096648703632579,3996,1000,3,42,permutacion_en_test_temporal,False,D
camas_disponibles_lag_1m,2021,0.002225975154855638,0.0019382005471718464,0.7096648703632579,3996,1000,3,42,permutacion_en_test_temporal,False,D
camas_disponibles_lag_2m,2021,-0.00010684988641174176,0.0017259367839645048,0.7096648703632579,3996,1000,3,42,permutacion_en_test_temporal,False,D
ingresos_lag_1m,2021,0.00022528520809417252,0.0017001800930598009,0.7096648703632579,3996,1000,3,42,permutacion_en_test_temporal,False,D
ingresos_lag_2m,2021,-0.0024437826511226244,0.0019780661418852055,0.7096648703632579,3996,1000,3,42,permutacion_en_test_temporal,False,D
egresos_lag_1m,2021,0.002044552477863911,0.0009384137945594122,0.7096648703632579,3996,1000,3,42,permutacion_en_test_temporal,False,D
egresos_lag_2m,2021,-0.00019091429275216085,0.0032268234557485662,0.7096648703632579,3996,1000,3,42,permutacion_en_test_temporal,False,D
cambio_ocupacion_2m,2021,0.004542036610536648,0.0018451154715807426,0.7096648703632579,3996,1000,3,42,permutacion_en_test_temporal,False,D
cambio_pacientes_camas_1m,2021,0.0011745846656048646,0.0005288387161417024,0.7096648703632579,3996,1000,3,42,permutacion_en_test_temporal,False,D
cambio_camas_disponibles_1m,2021,0.002186235990139266,0.0016422834421212487,0.7096648703632579,3996,1000,3,42,permutacion_en_test_temporal,False,D
aceleracion_ocupacion,2021,-6.870660887174178e-05,0.001238382492746702,0.7096648703632579,3996,1000,3,42,permutacion_en_test_temporal,False,D
max_ocupacion_3m,2021,0.010187497696377798,0.0028106077968568684,0.7096648703632579,3996,1000,3,42,permutacion_en_test_temporal,False,D
min_ocupacion_3m,2021,0.00398927318012902,0.0026183942128982915,0.7096648703632579,3996,1000,3,42,permutacion_en_test_temporal,False,D
desviacion_ocupacion_3m,2021,0.003526965244672479,0.004293584167370369,0.7096648703632579,3996,1000,3,42,permutacion_en_test_temporal,False,D
promedio_ocupacion_6m,2021,0.009411526812328522,0.0027410320456710702,0.7096648703632579,3996,1000,3,42,permutacion_en_test_temporal,False,D
max_presion_3m,2021,-0.0020005063656542235,0.0035605479450740224,0.7096648703632579,3996,1000,3,42,permutacion_en_test_temporal,False,D
promedio_pacientes_camas_3m,2021,0.004245939098586467,0.0027472063421535697,0.7096648703632579,3996,1000,3,42,permutacion_en_test_temporal,False,D
promedio_camas_disponibles_3m,2021,0.0011616500506429484,0.0007892477051005466,0.7096648703632579,3996,1000,3,42,permutacion_en_test_temporal,False,D
meses_alto_ultimos_3m,2021,-0.0007418479941446362,0.0007775433468039864,0.7096648703632579,3996,1000,3,42,permutacion_en_test_temporal,False,D
meses_alto_ultimos_6m,2021,-0.0024369631719471188,0.0004686156697248083,0.7096648703632579,3996,1000,3,42,permutacion_en_test_temporal,False,D
meses_medio_alto_ultimos_3m,2021,0.0016717343952816395,0.000379929351624646,0.7096648703632579,3996,1000,3,42,permutacion_en_test_temporal,False,D
meses_consecutivos_alto,2021,0.005063383731844229,0.0008119442145028228,0.7096648703632579,3996,1000,3,42,permutacion_en_test_temporal,False,D
margen_umbral_alto,2021,0.0027565280791727784,0.00420887963505972,0.7096648703632579,3996,1000,3,42,permutacion_en_test_temporal,False,D
margen_umbral_medio,2021,0.0005544477183156241,0.0005138035352787818,0.7096648703632579,3996,1000,3,42,permutacion_en_test_temporal,False,D
distancia_absoluta_umbral_alto,2021,0.0034865175200253042,0.0033155125092762415,0.7096648703632579,3996,1000,3,42,permutacion_en_test_temporal,False,D
crecimiento_demanda_1m,2021,0.004121170497984994,0.0025318343697253113,0.7096648703632579,3996,1000,3,42,permutacion_en_test_temporal,False,D
crecimiento_capacidad_1m,2021,0.0015817426274720898,0.0012847749335762448,0.7096648703632579,3996,1000,3,42,permutacion_en_test_temporal,False,D
brecha_crecimiento_demanda_capacidad,2021,0.001200906654080088,0.0010461041419212828,0.7096648703632579,3996,1000,3,42,permutacion_en_test_temporal,False,D
anio,2022,0.0,0.0,0.6912024146387475,4397,1000,3,42,permutacion_en_test_temporal,False,D
mes,2022,0.00033267654616964126,0.003981560802295149,0.6912024146387475,4397,1000,3,42,permutacion_en_test_temporal,False,D
departamento,2022,0.0,0.0,0.6912024146387475,4397,1000,3,42,permutacion_en_test_temporal,False,D
provincia,2022,0.0,0.0,0.6912024146387475,4397,1000,3,42,permutacion_en_test_temporal,False,D
distrito,2022,-0.0053635824938884635,0.003968612931369492,0.6912024146387475,4397,1000,3,42,permutacion_en_test_temporal,False,D
sector,2022,-0.005100402391050252,0.0032030317823649687,0.6912024146387475,4397,1000,3,42,permutacion_en_test_temporal,False,D
categoria_ipress,2022,-0.006171018518522864,0.003343670134928756,0.6912024146387475,4397,1000,3,42,permutacion_en_test_temporal,False,D
servicio_hospitalizacion,2022,-0.006015260682837938,0.003767347155859617,0.6912024146387475,4397,1000,3,42,permutacion_en_test_temporal,False,D
total_ingresos,2022,-0.0012145555744471996,0.0016662230331220712,0.6912024146387475,4397,1000,3,42,permutacion_en_test_temporal,False,D
total_egresos,2022,-0.0018349772682527687,0.002362127306264119,0.6912024146387475,4397,1000,3,42,permutacion_en_test_temporal,False,D
total_estancias,2022,-0.004204894985057495,0.0008346138487757579,0.6912024146387475,4397,1000,3,42,permutacion_en_test_temporal,False,D
total_pacientes_camas,2022,-0.0031201666909795125,0.0020767096063253137,0.6912024146387475,4397,1000,3,42,permutacion_en_test_temporal,False,D
total_camas,2022,-0.004220095304638405,0.001074512923772244,0.6912024146387475,4397,1000,3,42,permutacion_en_test_temporal,False,D
total_camas_disponibles,2022,-0.002613002361584941,0.0026274795098727914,0.6912024146387475,4397,1000,3,42,permutacion_en_test_temporal,False,D
total_fallecidos,2022,-0.005290201857012085,0.0015517274824601687,0.6912024146387475,4397,1000,3,42,permutacion_en_test_temporal,False,D
dias_mes,2022,0.0010419245723189234,0.0016310193933402807,0.6912024146387475,4397,1000,3,42,permutacion_en_test_temporal,False,D
promedio_estancia,2022,-0.0012417596165753182,0.00024364019674877628,0.6912024146387475,4397,1000,3,42,permutacion_en_test_temporal,False,D
tasa_fallecidos,2022,-0.0026147471855627233,0.00259069887978968,0.6912024146387475,4397,1000,3,42,permutacion_en_test_temporal,False,D
ratio_camas_disponibles,2022,-0.0004637093087538717,0.001924752116114403,0.6912024146387475,4397,1000,3,42,permutacion_en_test_temporal,False,D
ocupacion_estimada,2022,0.0366671992722446,0.008384634307743175,0.6912024146387475,4397,1000,3,42,permutacion_en_test_temporal,False,D
presion_ingresos_camas,2022,0.001348695658927183,0.002267698069763466,0.6912024146387475,4397,1000,3,42,permutacion_en_test_temporal,False,D
rotacion_camas,2022,-0.0012686184146022035,0.003429532633966246,0.6912024146387475,4397,1000,3,42,permutacion_en_test_temporal,False,D
diferencia_ingresos_egresos,2022,-0.002244111539817517,0.0033137127283507715,0.6912024146387475,4397,1000,3,42,permutacion_en_test_temporal,False,D
trimestre,2022,-0.0017196502245177732,0.0009328842782811341,0.6912024146387475,4397,1000,3,42,permutacion_en_test_temporal,False,D
semestre,2022,0.0,0.0,0.6912024146387475,4397,1000,3,42,permutacion_en_test_temporal,False,D
mes_sin,2022,-0.0027616559330016686,0.00037618123693465566,0.6912024146387475,4397,1000,3,42,permutacion_en_test_temporal,False,D
mes_cos,2022,-0.0007909906662378896,0.0017068354756140875,0.6912024146387475,4397,1000,3,42,permutacion_en_test_temporal,False,D
es_fin_de_anio,2022,0.0,0.0,0.6912024146387475,4397,1000,3,42,permutacion_en_test_temporal,False,D
promedio_movil_3m_ocupacion,2022,0.0005759779845968908,0.003391117540998789,0.6912024146387475,4397,1000,3,42,permutacion_en_test_temporal,False,D
promedio_movil_3m_presion,2022,-0.0018362471484266358,0.003213021925213097,0.6912024146387475,4397,1000,3,42,permutacion_en_test_temporal,False,D
promedio_movil_3m_ingresos,2022,-0.0010490062613637274,0.0007528062767648989,0.6912024146387475,4397,1000,3,42,permutacion_en_test_temporal,False,D
promedio_movil_3m_egresos,2022,-0.001241166465894857,0.0009410063777420472,0.6912024146387475,4397,1000,3,42,permutacion_en_test_temporal,False,D
promedio_movil_3m_estancias,2022,-0.0033561500761808785,0.0025486884189693812,0.6912024146387475,4397,1000,3,42,permutacion_en_test_temporal,False,D
tendencia_ocupacion_1m,2022,-0.0019678372893904283,0.0009327197196272579,0.6912024146387475,4397,1000,3,42,permutacion_en_test_temporal,False,D
tendencia_presion_1m,2022,0.0035169723103371333,0.001536833363423501,0.6912024146387475,4397,1000,3,42,permutacion_en_test_temporal,False,D
tendencia_ingresos_1m,2022,-0.0008928699058871429,0.0009909658434748428,0.6912024146387475,4397,1000,3,42,permutacion_en_test_temporal,False,D
tendencia_egresos_1m,2022,-0.00044838971755841356,0.0009870652848454065,0.6912024146387475,4397,1000,3,42,permutacion_en_test_temporal,False,D
ocupacion_lag_1m,2022,0.0016116775185975873,0.00417186332744778,0.6912024146387475,4397,1000,3,42,permutacion_en_test_temporal,False,D
ocupacion_lag_2m,2022,-0.003158525379399498,0.0028601421806019925,0.6912024146387475,4397,1000,3,42,permutacion_en_test_temporal,False,D
ocupacion_lag_3m,2022,-0.01015268204472275,0.003323895767393929,0.6912024146387475,4397,1000,3,42,permutacion_en_test_temporal,False,D
pacientes_camas_lag_1m,2022,-0.004497958564661249,0.0007810300506211096,0.6912024146387475,4397,1000,3,42,permutacion_en_test_temporal,False,D
pacientes_camas_lag_2m,2022,-0.0035614334266247014,0.0006399970915755371,0.6912024146387475,4397,1000,3,42,permutacion_en_test_temporal,False,D
camas_disponibles_lag_1m,2022,-0.00022695494669933147,0.0017796655853636592,0.6912024146387475,4397,1000,3,42,permutacion_en_test_temporal,False,D
camas_disponibles_lag_2m,2022,0.000627917161289219,0.0005799155218302684,0.6912024146387475,4397,1000,3,42,permutacion_en_test_temporal,False,D
ingresos_lag_1m,2022,-0.0005944352208727318,0.0008445704193501041,0.6912024146387475,4397,1000,3,42,permutacion_en_test_temporal,False,D
ingresos_lag_2m,2022,-0.005078713672039936,0.0015968172343577137,0.6912024146387475,4397,1000,3,42,permutacion_en_test_temporal,False,D
egresos_lag_1m,2022,-0.0030070697132805377,0.00155304854597761,0.6912024146387475,4397,1000,3,42,permutacion_en_test_temporal,False,D
egresos_lag_2m,2022,-0.006055245966369897,0.0014160955869097433,0.6912024146387475,4397,1000,3,42,permutacion_en_test_temporal,False,D
cambio_ocupacion_2m,2022,-1.77453061644961e-06,0.0009847603680893154,0.6912024146387475,4397,1000,3,42,permutacion_en_test_temporal,False,D
cambio_pacientes_camas_1m,2022,-0.00394112140853083,0.0010686830774233604,0.6912024146387475,4397,1000,3,42,permutacion_en_test_temporal,False,D
cambio_camas_disponibles_1m,2022,-0.002304676870195791,0.001103502020051851,0.6912024146387475,4397,1000,3,42,permutacion_en_test_temporal,False,D
aceleracion_ocupacion,2022,-0.005471109614404668,0.0025913700677637473,0.6912024146387475,4397,1000,3,42,permutacion_en_test_temporal,False,D
max_ocupacion_3m,2022,-0.0029471452316956657,0.0045461407638528835,0.6912024146387475,4397,1000,3,42,permutacion_en_test_temporal,False,D
min_ocupacion_3m,2022,-0.0025903648047920225,0.0034879392919957087,0.6912024146387475,4397,1000,3,42,permutacion_en_test_temporal,False,D
desviacion_ocupacion_3m,2022,-0.0021794612623174947,0.001308226254776377,0.6912024146387475,4397,1000,3,42,permutacion_en_test_temporal,False,D
promedio_ocupacion_6m,2022,-0.009054431912696281,0.005975289300566835,0.6912024146387475,4397,1000,3,42,permutacion_en_test_temporal,False,D
max_presion_3m,2022,-0.0027465732699160084,0.000963235509769822,0.6912024146387475,4397,1000,3,42,permutacion_en_test_temporal,False,D
promedio_pacientes_camas_3m,2022,0.0003191969708167264,0.0018651489786938018,0.6912024146387475,4397,1000,3,42,permutacion_en_test_temporal,False,D
promedio_camas_disponibles_3m,2022,-0.004619458728427468,0.0009697061704808173,0.6912024146387475,4397,1000,3,42,permutacion_en_test_temporal,False,D
meses_alto_ultimos_3m,2022,0.0002942493492208061,0.0004161314203875211,0.6912024146387475,4397,1000,3,42,permutacion_en_test_temporal,False,D
meses_alto_ultimos_6m,2022,-0.007894064168634732,0.004641050936300929,0.6912024146387475,4397,1000,3,42,permutacion_en_test_temporal,False,D
meses_medio_alto_ultimos_3m,2022,-0.0020236254798346267,0.00019828647114818898,0.6912024146387475,4397,1000,3,42,permutacion_en_test_temporal,False,D
meses_consecutivos_alto,2022,0.00159160932540033,0.0019451791211844904,0.6912024146387475,4397,1000,3,42,permutacion_en_test_temporal,False,D
margen_umbral_alto,2022,-0.0025870117110310766,0.00239131982251091,0.6912024146387475,4397,1000,3,42,permutacion_en_test_temporal,False,D
margen_umbral_medio,2022,0.00045533837312639047,0.0006553703104183737,0.6912024146387475,4397,1000,3,42,permutacion_en_test_temporal,False,D
distancia_absoluta_umbral_alto,2022,0.001536287640225768,0.004891511778514192,0.6912024146387475,4397,1000,3,42,permutacion_en_test_temporal,False,D
crecimiento_demanda_1m,2022,6.19000662116509e-05,0.0011206128829236814,0.6912024146387475,4397,1000,3,42,permutacion_en_test_temporal,False,D
crecimiento_capacidad_1m,2022,-0.0024705296300609656,0.0014995815150123373,0.6912024146387475,4397,1000,3,42,permutacion_en_test_temporal,False,D
brecha_crecimiento_demanda_capacidad,2022,-0.004116911074785623,0.001953069614325529,0.6912024146387475,4397,1000,3,42,permutacion_en_test_temporal,False,D
anio,2023,0.0,0.0,0.6993109448231204,4595,1000,3,42,permutacion_en_test_temporal,False,D
mes,2023,0.003423532179627505,0.003497433113191164,0.6993109448231204,4595,1000,3,42,permutacion_en_test_temporal,False,D
departamento,2023,0.0,0.0,0.6993109448231204,4595,1000,3,42,permutacion_en_test_temporal,False,D
provincia,2023,0.0,0.0,0.6993109448231204,4595,1000,3,42,permutacion_en_test_temporal,False,D
distrito,2023,0.004868906749683211,0.005547114714487764,0.6993109448231204,4595,1000,3,42,permutacion_en_test_temporal,False,D
sector,2023,-0.0074283702728581424,0.0020979555945329193,0.6993109448231204,4595,1000,3,42,permutacion_en_test_temporal,False,D
categoria_ipress,2023,0.00197335994912462,0.0009872924941092427,0.6993109448231204,4595,1000,3,42,permutacion_en_test_temporal,False,D
servicio_hospitalizacion,2023,-0.0005997392483045131,0.0020326006426829675,0.6993109448231204,4595,1000,3,42,permutacion_en_test_temporal,False,D
total_ingresos,2023,-0.0008935865622811864,0.0020640764472765753,0.6993109448231204,4595,1000,3,42,permutacion_en_test_temporal,False,D
total_egresos,2023,0.002271028090169843,0.0026223169376018525,0.6993109448231204,4595,1000,3,42,permutacion_en_test_temporal,False,D
total_estancias,2023,0.003801795537145991,0.0011399618210245423,0.6993109448231204,4595,1000,3,42,permutacion_en_test_temporal,False,D
total_pacientes_camas,2023,-0.0007864961191444975,0.00018634860992959094,0.6993109448231204,4595,1000,3,42,permutacion_en_test_temporal,False,D
total_camas,2023,0.0007479464869353247,0.0009195767817542637,0.6993109448231204,4595,1000,3,42,permutacion_en_test_temporal,False,D
total_camas_disponibles,2023,0.003031012127071168,0.00038893543307502975,0.6993109448231204,4595,1000,3,42,permutacion_en_test_temporal,False,D
total_fallecidos,2023,0.001933916382280761,0.0009350263325491916,0.6993109448231204,4595,1000,3,42,permutacion_en_test_temporal,False,D
dias_mes,2023,0.0030440504334945384,0.0036106714031903455,0.6993109448231204,4595,1000,3,42,permutacion_en_test_temporal,False,D
promedio_estancia,2023,0.00225540970913,0.0011645749839519345,0.6993109448231204,4595,1000,3,42,permutacion_en_test_temporal,False,D
tasa_fallecidos,2023,0.0007431326991658901,0.0016986672053846657,0.6993109448231204,4595,1000,3,42,permutacion_en_test_temporal,False,D
ratio_camas_disponibles,2023,-0.0034279979581269457,0.0008738982593883998,0.6993109448231204,4595,1000,3,42,permutacion_en_test_temporal,False,D
ocupacion_estimada,2023,0.023644884536251576,0.00515248345476063,0.6993109448231204,4595,1000,3,42,permutacion_en_test_temporal,False,D
presion_ingresos_camas,2023,0.0014125768467961504,0.0017420297822377839,0.6993109448231204,4595,1000,3,42,permutacion_en_test_temporal,False,D
rotacion_camas,2023,-0.0007011443946542221,0.0005662760125688186,0.6993109448231204,4595,1000,3,42,permutacion_en_test_temporal,False,D
diferencia_ingresos_egresos,2023,-0.003951901121217312,0.0030448906447307325,0.6993109448231204,4595,1000,3,42,permutacion_en_test_temporal,False,D
trimestre,2023,-3.7205449859449104e-05,5.261645178542509e-05,0.6993109448231204,4595,1000,3,42,permutacion_en_test_temporal,False,D
semestre,2023,0.0,0.0,0.6993109448231204,4595,1000,3,42,permutacion_en_test_temporal,False,D
mes_sin,2023,-0.002452023801843987,0.0008150997675955703,0.6993109448231204,4595,1000,3,42,permutacion_en_test_temporal,False,D
mes_cos,2023,-0.0020173013251919927,0.0015922126812237742,0.6993109448231204,4595,1000,3,42,permutacion_en_test_temporal,False,D
es_fin_de_anio,2023,0.0,0.0,0.6993109448231204,4595,1000,3,42,permutacion_en_test_temporal,False,D
promedio_movil_3m_ocupacion,2023,0.004360354835762581,0.007045336060570327,0.6993109448231204,4595,1000,3,42,permutacion_en_test_temporal,False,D
promedio_movil_3m_presion,2023,0.0011430799418578792,0.0007457794189356978,0.6993109448231204,4595,1000,3,42,permutacion_en_test_temporal,False,D
promedio_movil_3m_ingresos,2023,-0.0005046284208733617,0.0016147684120317413,0.6993109448231204,4595,1000,3,42,permutacion_en_test_temporal,False,D
promedio_movil_3m_egresos,2023,-0.0020909019238435356,0.002124823206151124,0.6993109448231204,4595,1000,3,42,permutacion_en_test_temporal,False,D
promedio_movil_3m_estancias,2023,-0.0017570082527506765,0.0007831378975518759,0.6993109448231204,4595,1000,3,42,permutacion_en_test_temporal,False,D
tendencia_ocupacion_1m,2023,-0.0036396238697889625,0.0010567892752156454,0.6993109448231204,4595,1000,3,42,permutacion_en_test_temporal,False,D
tendencia_presion_1m,2023,-0.0039786984961054,0.0005616846289499689,0.6993109448231204,4595,1000,3,42,permutacion_en_test_temporal,False,D
tendencia_ingresos_1m,2023,-0.001033103676736517,0.0035433540448733944,0.6993109448231204,4595,1000,3,42,permutacion_en_test_temporal,False,D
tendencia_egresos_1m,2023,0.0011984081761009142,0.0018649542770729486,0.6993109448231204,4595,1000,3,42,permutacion_en_test_temporal,False,D
ocupacion_lag_1m,2023,0.004506268126085604,0.0004127263179664671,0.6993109448231204,4595,1000,3,42,permutacion_en_test_temporal,False,D
ocupacion_lag_2m,2023,-0.002498572426889889,0.0019512783126204077,0.6993109448231204,4595,1000,3,42,permutacion_en_test_temporal,False,D
ocupacion_lag_3m,2023,0.007455493031083134,0.0036507308047127158,0.6993109448231204,4595,1000,3,42,permutacion_en_test_temporal,False,D
pacientes_camas_lag_1m,2023,-0.0002745408755017535,0.0015708891531870585,0.6993109448231204,4595,1000,3,42,permutacion_en_test_temporal,False,D
pacientes_camas_lag_2m,2023,-0.0015407136606856442,0.0026338204012849456,0.6993109448231204,4595,1000,3,42,permutacion_en_test_temporal,False,D
camas_disponibles_lag_1m,2023,-0.0030482306575140283,0.0033551800785556526,0.6993109448231204,4595,1000,3,42,permutacion_en_test_temporal,False,D
camas_disponibles_lag_2m,2023,-0.0029182230552075397,0.0007392843261685026,0.6993109448231204,4595,1000,3,42,permutacion_en_test_temporal,False,D
ingresos_lag_1m,2023,-0.002939701015913713,0.00018207755353069648,0.6993109448231204,4595,1000,3,42,permutacion_en_test_temporal,False,D
ingresos_lag_2m,2023,-0.002229118737635353,0.0015414116415463893,0.6993109448231204,4595,1000,3,42,permutacion_en_test_temporal,False,D
egresos_lag_1m,2023,0.0022081314465705417,0.001360942626726389,0.6993109448231204,4595,1000,3,42,permutacion_en_test_temporal,False,D
egresos_lag_2m,2023,-0.0023913495709434094,0.0010800248985092303,0.6993109448231204,4595,1000,3,42,permutacion_en_test_temporal,False,D
cambio_ocupacion_2m,2023,-0.002274885650994022,0.0028019178120035552,0.6993109448231204,4595,1000,3,42,permutacion_en_test_temporal,False,D
cambio_pacientes_camas_1m,2023,-0.0030229664359654462,0.0013633475441676378,0.6993109448231204,4595,1000,3,42,permutacion_en_test_temporal,False,D
cambio_camas_disponibles_1m,2023,-0.003258589377466148,0.0022098921747589185,0.6993109448231204,4595,1000,3,42,permutacion_en_test_temporal,False,D
aceleracion_ocupacion,2023,-0.0030556494356032138,0.0009540415642485788,0.6993109448231204,4595,1000,3,42,permutacion_en_test_temporal,False,D
max_ocupacion_3m,2023,0.00033176435460417303,0.0037407161489597875,0.6993109448231204,4595,1000,3,42,permutacion_en_test_temporal,False,D
min_ocupacion_3m,2023,-0.0019420504616333156,0.0021640693811736432,0.6993109448231204,4595,1000,3,42,permutacion_en_test_temporal,False,D
desviacion_ocupacion_3m,2023,-0.0035542596327510965,0.0004569938335256027,0.6993109448231204,4595,1000,3,42,permutacion_en_test_temporal,False,D
promedio_ocupacion_6m,2023,0.017740474879741026,0.002537021467625136,0.6993109448231204,4595,1000,3,42,permutacion_en_test_temporal,False,D
max_presion_3m,2023,-0.0008407582328084547,0.0012649606045591155,0.6993109448231204,4595,1000,3,42,permutacion_en_test_temporal,False,D
promedio_pacientes_camas_3m,2023,-0.0022834818048741803,0.0008396775513196021,0.6993109448231204,4595,1000,3,42,permutacion_en_test_temporal,False,D
promedio_camas_disponibles_3m,2023,-0.0005041708406022435,0.0005139538572610805,0.6993109448231204,4595,1000,3,42,permutacion_en_test_temporal,False,D
meses_alto_ultimos_3m,2023,0.0011632369766961803,0.00046670847387235464,0.6993109448231204,4595,1000,3,42,permutacion_en_test_temporal,False,D
meses_alto_ultimos_6m,2023,0.0016482175082288923,0.003915015710872312,0.6993109448231204,4595,1000,3,42,permutacion_en_test_temporal,False,D
meses_medio_alto_ultimos_3m,2023,0.0007402843896129699,0.0010317138544468103,0.6993109448231204,4595,1000,3,42,permutacion_en_test_temporal,False,D
meses_consecutivos_alto,2023,0.00033501465547584414,0.004562796158870594,0.6993109448231204,4595,1000,3,42,permutacion_en_test_temporal,False,D
margen_umbral_alto,2023,-0.0009980549850686267,0.0012741240265398237,0.6993109448231204,4595,1000,3,42,permutacion_en_test_temporal,False,D
margen_umbral_medio,2023,-3.9992691380367575e-05,0.0005326355430626455,0.6993109448231204,4595,1000,3,42,permutacion_en_test_temporal,False,D
distancia_absoluta_umbral_alto,2023,0.0060213790637754965,0.005045007765826811,0.6993109448231204,4595,1000,3,42,permutacion_en_test_temporal,False,D
crecimiento_demanda_1m,2023,-0.0023185547404625715,0.0007183838112175197,0.6993109448231204,4595,1000,3,42,permutacion_en_test_temporal,False,D
crecimiento_capacidad_1m,2023,-0.0023434917794335672,0.002634975176877271,0.6993109448231204,4595,1000,3,42,permutacion_en_test_temporal,False,D
brecha_crecimiento_demanda_capacidad,2023,-0.0007035048813561392,0.0020432142060635605,0.6993109448231204,4595,1000,3,42,permutacion_en_test_temporal,False,D
anio,2024,0.0,0.0,0.7018856047146329,4606,1000,3,42,permutacion_en_test_temporal,False,D
mes,2024,0.005756112840542671,0.003362748446431657,0.7018856047146329,4606,1000,3,42,permutacion_en_test_temporal,False,D
departamento,2024,0.0,0.0,0.7018856047146329,4606,1000,3,42,permutacion_en_test_temporal,False,D
provincia,2024,0.0,0.0,0.7018856047146329,4606,1000,3,42,permutacion_en_test_temporal,False,D
distrito,2024,-0.005107271021224473,0.002908418881316341,0.7018856047146329,4606,1000,3,42,permutacion_en_test_temporal,False,D
sector,2024,-0.0008613572258341362,0.0022531332769064128,0.7018856047146329,4606,1000,3,42,permutacion_en_test_temporal,False,D
categoria_ipress,2024,-0.008434306258855143,0.0021195635496194867,0.7018856047146329,4606,1000,3,42,permutacion_en_test_temporal,False,D
servicio_hospitalizacion,2024,-0.004172866362247156,0.0030380170834895916,0.7018856047146329,4606,1000,3,42,permutacion_en_test_temporal,False,D
total_ingresos,2024,-0.0038333337240698726,0.0017092821122878053,0.7018856047146329,4606,1000,3,42,permutacion_en_test_temporal,False,D
total_egresos,2024,-0.004387414149457129,0.0017843444113453274,0.7018856047146329,4606,1000,3,42,permutacion_en_test_temporal,False,D
total_estancias,2024,-0.003999702049310512,0.002712969085204036,0.7018856047146329,4606,1000,3,42,permutacion_en_test_temporal,False,D
total_pacientes_camas,2024,-0.005170993553341867,0.001211048063081894,0.7018856047146329,4606,1000,3,42,permutacion_en_test_temporal,False,D
total_camas,2024,0.000981441709070589,0.0007603035063900998,0.7018856047146329,4606,1000,3,42,permutacion_en_test_temporal,False,D
total_camas_disponibles,2024,-0.003653509275118094,0.001193836248897008,0.7018856047146329,4606,1000,3,42,permutacion_en_test_temporal,False,D
total_fallecidos,2024,-0.0013987800004354363,0.0010009482915306752,0.7018856047146329,4606,1000,3,42,permutacion_en_test_temporal,False,D
dias_mes,2024,-5.054718142501654e-05,0.0007885451467058543,0.7018856047146329,4606,1000,3,42,permutacion_en_test_temporal,False,D
promedio_estancia,2024,-0.0014673653653674013,0.0007056015773219852,0.7018856047146329,4606,1000,3,42,permutacion_en_test_temporal,False,D
tasa_fallecidos,2024,-0.0018861617890200133,0.0005932831798606037,0.7018856047146329,4606,1000,3,42,permutacion_en_test_temporal,False,D
ratio_camas_disponibles,2024,-0.0020214895524127696,0.000489532669394526,0.7018856047146329,4606,1000,3,42,permutacion_en_test_temporal,False,D
ocupacion_estimada,2024,0.016337524659716014,0.004384056240845031,0.7018856047146329,4606,1000,3,42,permutacion_en_test_temporal,False,D
presion_ingresos_camas,2024,-0.00032347656026650756,0.00036130176782935475,0.7018856047146329,4606,1000,3,42,permutacion_en_test_temporal,False,D
rotacion_camas,2024,-0.003072300904005343,0.0020370490956335505,0.7018856047146329,4606,1000,3,42,permutacion_en_test_temporal,False,D
diferencia_ingresos_egresos,2024,0.0003378562534676055,0.005164868053402611,0.7018856047146329,4606,1000,3,42,permutacion_en_test_temporal,False,D
trimestre,2024,0.0,0.0,0.7018856047146329,4606,1000,3,42,permutacion_en_test_temporal,False,D
semestre,2024,0.0,0.0,0.7018856047146329,4606,1000,3,42,permutacion_en_test_temporal,False,D
mes_sin,2024,-0.003543739508090652,0.0015035607239580822,0.7018856047146329,4606,1000,3,42,permutacion_en_test_temporal,False,D
mes_cos,2024,-0.0025594843592014658,0.0013073064808563225,0.7018856047146329,4606,1000,3,42,permutacion_en_test_temporal,False,D
es_fin_de_anio,2024,0.0,0.0,0.7018856047146329,4606,1000,3,42,permutacion_en_test_temporal,False,D
promedio_movil_3m_ocupacion,2024,-0.0066310475755808245,0.0010081017896784717,0.7018856047146329,4606,1000,3,42,permutacion_en_test_temporal,False,D
promedio_movil_3m_presion,2024,-0.0021656237344153486,0.0030491073740608657,0.7018856047146329,4606,1000,3,42,permutacion_en_test_temporal,False,D
promedio_movil_3m_ingresos,2024,0.0019756507904503304,0.0020821090176849897,0.7018856047146329,4606,1000,3,42,permutacion_en_test_temporal,False,D
promedio_movil_3m_egresos,2024,-0.00018411832705785466,0.0008574740297763934,0.7018856047146329,4606,1000,3,42,permutacion_en_test_temporal,False,D
promedio_movil_3m_estancias,2024,-0.003897249414896183,0.0009705673122598907,0.7018856047146329,4606,1000,3,42,permutacion_en_test_temporal,False,D
tendencia_ocupacion_1m,2024,-0.001329320079677269,0.0016329546922519565,0.7018856047146329,4606,1000,3,42,permutacion_en_test_temporal,False,D
tendencia_presion_1m,2024,0.000730384730085872,0.0015742840119297749,0.7018856047146329,4606,1000,3,42,permutacion_en_test_temporal,False,D
tendencia_ingresos_1m,2024,-0.0018370391253707357,0.001473124483602867,0.7018856047146329,4606,1000,3,42,permutacion_en_test_temporal,False,D
tendencia_egresos_1m,2024,0.00271073916624065,0.0011247556848338767,0.7018856047146329,4606,1000,3,42,permutacion_en_test_temporal,False,D
ocupacion_lag_1m,2024,-0.009535194103074277,0.0034517026910738597,0.7018856047146329,4606,1000,3,42,permutacion_en_test_temporal,False,D
ocupacion_lag_2m,2024,-0.0024732571028950323,0.0003995575247132772,0.7018856047146329,4606,1000,3,42,permutacion_en_test_temporal,False,D
ocupacion_lag_3m,2024,-0.002494253642005728,0.0025505978271957302,0.7018856047146329,4606,1000,3,42,permutacion_en_test_temporal,False,D
pacientes_camas_lag_1m,2024,-0.0020333024173929313,0.0009126074162554728,0.7018856047146329,4606,1000,3,42,permutacion_en_test_temporal,False,D
pacientes_camas_lag_2m,2024,-0.006262145402022301,0.0006130941929831898,0.7018856047146329,4606,1000,3,42,permutacion_en_test_temporal,False,D
camas_disponibles_lag_1m,2024,0.0003877577898539301,0.0005483723253272444,0.7018856047146329,4606,1000,3,42,permutacion_en_test_temporal,False,D
camas_disponibles_lag_2m,2024,-0.0016462589668179521,0.0018162074311640461,0.7018856047146329,4606,1000,3,42,permutacion_en_test_temporal,False,D
ingresos_lag_1m,2024,-0.0007309536464394917,0.0020053846192600627,0.7018856047146329,4606,1000,3,42,permutacion_en_test_temporal,False,D
ingresos_lag_2m,2024,0.0008980507330421291,0.0009892104967129044,0.7018856047146329,4606,1000,3,42,permutacion_en_test_temporal,False,D
egresos_lag_1m,2024,-0.0006258822815957688,0.0005075821652684704,0.7018856047146329,4606,1000,3,42,permutacion_en_test_temporal,False,D
egresos_lag_2m,2024,0.0008433659341420263,0.002442952659388776,0.7018856047146329,4606,1000,3,42,permutacion_en_test_temporal,False,D
cambio_ocupacion_2m,2024,-0.002506676284451966,0.0012305433492228002,0.7018856047146329,4606,1000,3,42,permutacion_en_test_temporal,False,D
cambio_pacientes_camas_1m,2024,0.0004792706488169207,0.0008304281858638535,0.7018856047146329,4606,1000,3,42,permutacion_en_test_temporal,False,D
cambio_camas_disponibles_1m,2024,-0.001433557044344928,0.00024385305658919357,0.7018856047146329,4606,1000,3,42,permutacion_en_test_temporal,False,D
aceleracion_ocupacion,2024,-0.004248432764634639,0.0017803500671050862,0.7018856047146329,4606,1000,3,42,permutacion_en_test_temporal,False,D
max_ocupacion_3m,2024,-0.008586370049537106,0.0029737963368768297,0.7018856047146329,4606,1000,3,42,permutacion_en_test_temporal,False,D
min_ocupacion_3m,2024,-0.007985324876921865,0.0020162117000575093,0.7018856047146329,4606,1000,3,42,permutacion_en_test_temporal,False,D
desviacion_ocupacion_3m,2024,-0.007253447402476132,0.0005115499389195278,0.7018856047146329,4606,1000,3,42,permutacion_en_test_temporal,False,D
promedio_ocupacion_6m,2024,-0.000554528749653079,0.009895733091465497,0.7018856047146329,4606,1000,3,42,permutacion_en_test_temporal,False,D
max_presion_3m,2024,-0.0006110648466117752,0.001775497816635925,0.7018856047146329,4606,1000,3,42,permutacion_en_test_temporal,False,D
promedio_pacientes_camas_3m,2024,-0.0007743688239899571,0.0011300459599127915,0.7018856047146329,4606,1000,3,42,permutacion_en_test_temporal,False,D
promedio_camas_disponibles_3m,2024,-0.0011515682162661633,0.002206610545967983,0.7018856047146329,4606,1000,3,42,permutacion_en_test_temporal,False,D
meses_alto_ultimos_3m,2024,-0.0012700400687013873,0.0003592618503980912,0.7018856047146329,4606,1000,3,42,permutacion_en_test_temporal,False,D
meses_alto_ultimos_6m,2024,-0.0014720243933304216,0.002417487525538562,0.7018856047146329,4606,1000,3,42,permutacion_en_test_temporal,False,D
meses_medio_alto_ultimos_3m,2024,-0.0008022736129264704,0.0003109486680197995,0.7018856047146329,4606,1000,3,42,permutacion_en_test_temporal,False,D
meses_consecutivos_alto,2024,2.622909424728389e-06,0.005238870750256666,0.7018856047146329,4606,1000,3,42,permutacion_en_test_temporal,False,D
margen_umbral_alto,2024,0.0015922927222575822,0.0023140449431602876,0.7018856047146329,4606,1000,3,42,permutacion_en_test_temporal,False,D
margen_umbral_medio,2024,-0.0011050484420086122,0.0008053760570975929,0.7018856047146329,4606,1000,3,42,permutacion_en_test_temporal,False,D
distancia_absoluta_umbral_alto,2024,-0.0015279251873047868,0.003364856187032584,0.7018856047146329,4606,1000,3,42,permutacion_en_test_temporal,False,D
crecimiento_demanda_1m,2024,-0.0011640051955434199,0.0009555489693380362,0.7018856047146329,4606,1000,3,42,permutacion_en_test_temporal,False,D
crecimiento_capacidad_1m,2024,-3.1942486239685174e-05,0.002252607214596961,0.7018856047146329,4606,1000,3,42,permutacion_en_test_temporal,False,D
brecha_crecimiento_demanda_capacidad,2024,1.5854345727817076e-05,0.0010633321718606097,0.7018856047146329,4606,1000,3,42,permutacion_en_test_temporal,False,D
