variable,importancia
numericas__ocupacion_estimada,0.1781226
numericas__presion_ingresos_camas,0.14914536
categoricas__codigo_ipress_00017024,0.05092747
numericas__rotacion_camas,0.04508788
categoricas__distrito_SAN MARTIN DE PORRES,0.0375294
categoricas__sector_ESSALUD,0.03668594
categoricas__distrito_SAN BORJA,0.026940683
categoricas__ubigeo_150135,0.026367946
categoricas__categoria_ipress_III-E,0.024722341
categoricas__id_hospitalizacion_242600,0.022235565
categoricas__sector_SANIDAD DEL EJERCITO DEL PERU,0.021910273
categoricas__sector_MINSA,0.019917827
categoricas__categoria_ipress_III-2,0.018873757
numericas__total_pacientes_camas,0.018216668
categoricas__servicio_hospitalizacion_HOSPITALIZACIÓN DE MEDICINA MEDICINA TROPICAL E INFECCIOSAS,0.015401633
categoricas__id_hospitalizacion_241000,0.015001321
numericas__ratio_camas_disponibles,0.0146796815
categoricas__codigo_ipress_00006210,0.014072016
categoricas__ubigeo_150137,0.013856013
categoricas__ubigeo_150133,0.01284179
categoricas__id_hospitalizacion_242100,0.011954285
categoricas__codigo_ipress_00008489,0.011755068
categoricas__codigo_ipress_00018011,0.0106128715
numericas__total_camas,0.009235302
categoricas__id_hospitalizacion_240400,0.008904652
categoricas__ubigeo_150130,0.008830742
numericas__promedio_estancia,0.008323883
categoricas__codigo_ipress_00006214,0.007743389
categoricas__codigo_ipress_00009188,0.007441951
categoricas__distrito_JESUS MARIA,0.00710477
categoricas__servicio_hospitalizacion_HOSPITALIZACIÓN QUIRÚRGICA OBSTETRICIA,0.0066627716
categoricas__id_hospitalizacion_241600,0.005921057
categoricas__ubigeo_150113,0.0054894434
categoricas__sector_SANIDAD DE LA POLICIA NACIONAL DEL PERU,0.0049493765
categoricas__codigo_ipress_00006206,0.004844381
categoricas__codigo_ipress_00006209,0.004065976
categoricas__ubigeo_150120,0.003876545
categoricas__ubigeo_150125,0.0036724177
numericas__total_camas_disponibles,0.0036076787
numericas__diferencia_ingresos_egresos,0.0033548211
categoricas__ubigeo_150118,0.0031901156
categoricas__servicio_hospitalizacion_HOSPITALIZACIÓN QUIRÚRGICA CIRUGÍA PEDIÁTRICA,0.0028661895
categoricas__id_hospitalizacion_245300,0.0026934943
categoricas__codigo_ipress_00013914,0.0026890172
categoricas__distrito_SURQUILLO,0.0026535883
categoricas__codigo_ipress_7634,0.002583425
categoricas__id_hospitalizacion_243000,0.0025808292
categoricas__ubigeo_150115,0.0025254865
numericas__total_ingresos,0.0024244706
categoricas__categoria_ipress_III-1,0.0023875094
categoricas__codigo_ipress_00013591,0.002362139
categoricas__ubigeo_150142,0.0022570828
categoricas__id_hospitalizacion_241500,0.0022333462
categoricas__id_hospitalizacion_240700,0.0021690647
categoricas__servicio_hospitalizacion_HOSPITALIZACIÓN DE MEDICINA NEUMOLOGÍA,0.0020332464
categoricas__distrito_PUENTE PIEDRA,0.001980444
categoricas__codigo_ipress_00006000,0.0018791524
categoricas__servicio_hospitalizacion_UNIDAD DE CUIDADOS CRITICOS UNIDAD DE CUIDADOS INTENSIVOS (UCI) NEONATOLOGÍA,0.0018740414
categoricas__codigo_ipress_00006213,0.0018472362
numericas__dias_mes,0.0017653096
categoricas__ubigeo_150128,0.0017578576
categoricas__id_hospitalizacion_240200,0.001677573
categoricas__ubigeo_150108,0.0016510454
categoricas__id_hospitalizacion_250400,0.0016124524
categoricas__id_hospitalizacion_242300,0.0015985402
categoricas__categoria_ipress_II-1,0.0015466325
categoricas__id_hospitalizacion_240000,0.00141135
categoricas__id_hospitalizacion_243200,0.0013063983
categoricas__servicio_hospitalizacion_HOSPITALIZACIÓN DE PEDIATRÍA PEDIATRÍA GENERAL,0.0011963516
categoricas__servicio_hospitalizacion_HOSPITALIZACIÓN DE PEDIATRÍA PEDIATRIA GINECOLOGÍA PEDIÁTRICA,0.0011803831
categoricas__distrito_LA VICTORIA,0.001056668
categoricas__codigo_ipress_00008720,0.0010176946
categoricas__id_hospitalizacion_241200,0.0009992856
categoricas__servicio_hospitalizacion_HOSPITALIZACIÓN,0.0009980929
categoricas__distrito_RIMAC,0.0009848077
categoricas__servicio_hospitalizacion_UNIDAD DE CUIDADOS CRITICOS UNIDAD DE CUIDADOS INTENSIVOS (UCI) PEDIÁTRICA,0.000948618
numericas__total_fallecidos,0.00090601045
categoricas__servicio_hospitalizacion_HOSPITALIZACIÓN QUIRÚRGICA TRAUMATOLOGÍA Y ORTOPEDIA,0.00086908194
numericas__total_estancias,0.00084271375
categoricas__codigo_ipress_00014718,0.0008143923
categoricas__id_hospitalizacion_250000,0.00079515367
categoricas__codigo_ipress_00006208,0.00078181725
categoricas__categoria_ipress_II-E,0.0007565705
numericas__anio,0.0007532022
categoricas__codigo_ipress_00008318,0.00075133936
categoricas__id_hospitalizacion_250111,0.0007426467
categoricas__id_hospitalizacion_244700,0.00067901635
categoricas__codigo_ipress_00005987,0.0006745021
categoricas__codigo_ipress_00009251,0.00062811247
numericas__tasa_fallecidos,0.0006198673
categoricas__codigo_ipress_00006212,0.00059499807
categoricas__categoria_ipress_II-2,0.00058142486
categoricas__codigo_ipress_00005946,0.0005624857
categoricas__ubigeo_150105,0.0005459881
categoricas__codigo_ipress_6209,0.0005457441
categoricas__codigo_ipress_00006207,0.0005355802
numericas__mes,0.0005332915
categoricas__servicio_hospitalizacion_HOSPITALIZACIÓN DE MEDICINA NEUROLOGIA,0.00052524515
categoricas__distrito_BREÑA,0.0005173675
numericas__total_egresos,0.0005089963
categoricas__distrito_VILLA EL SALVADOR,0.00050418393
categoricas__id_hospitalizacion_240900,0.0005017571
categoricas__servicio_hospitalizacion_UNIDAD DE CUIDADOS CRITICOS,0.0004891289
categoricas__ubigeo_150101,0.0004799288
categoricas__codigo_ipress_00007632,0.0004745261
categoricas__distrito_MAGDALENA DEL MAR,0.00046967427
categoricas__servicio_hospitalizacion_HOSPITALIZACIÓN DE MEDICINA PSIQUIATRÍA,0.00046157453
categoricas__id_hospitalizacion_241400,0.00045453277
categoricas__codigo_ipress_9251,0.00044920592
categoricas__servicio_hospitalizacion_HOSPITALIZACIÓN-PEDIATRÍA GENERAL-,0.0004491904
categoricas__id_hospitalizacion_242200,0.0004433114
categoricas__servicio_hospitalizacion_HOSPITALIZACIÓN QUIRÚRGICA NEUROCIRUGÍA,0.00041985672
categoricas__id_hospitalizacion_241900,0.0004198473
categoricas__id_hospitalizacion_242500,0.00041276007
categoricas__distrito_LIMA,0.00039901418
categoricas__codigo_ipress_00008671,0.0003966435
categoricas__id_hospitalizacion_242000,0.00038959377
categoricas__id_hospitalizacion_240100,0.00037624047
categoricas__id_hospitalizacion_241800,0.0003699648
categoricas__ubigeo_150111,0.0003690474
categoricas__servicio_hospitalizacion_HOSPITALIZACIÓN QUIRÚRGICA GINECOLOGÍA,0.00035664445
categoricas__ubigeo_150110,0.0003524697
categoricas__servicio_hospitalizacion_HOSPITALIZACIÓN QUIRÚRGICA CIRUGÍA OFTALMOLÓGICA,0.00034470015
categoricas__servicio_hospitalizacion_HOSPITALIZACIÓN MEDICINA PSIQUIATRÍA PISIQUIATRIA/ SALUD MENTAL Y ADICCIONES,0.00034222717
categoricas__servicio_hospitalizacion_HOSPITALIZACIÓN QUIRÚRGICA CIRUGÍA GENERAL,0.00034079273
categoricas__id_hospitalizacion_240800,0.00033701942
categoricas__codigo_ipress_00006216,0.00032779019
categoricas__codigo_ipress_7632,0.00031395533
categoricas__codigo_ipress_6216,0.0003006155
categoricas__id_hospitalizacion_244900,0.00028863864
categoricas__servicio_hospitalizacion_HOSPITALIZACION QUIRURGICA GINECO - OBSTETRICIA,0.00028319785
categoricas__codigo_ipress_00016918,0.0002745073
categoricas__servicio_hospitalizacion_HOSPITALIZACIÓN DE MEDICINA MEDICINA GENERAL,0.0002738682
categoricas__categoria_ipress_0,0.00027369143
categoricas__categoria_ipress_I-4,0.00027061702
categoricas__ubigeo_150121,0.00026459107
categoricas__servicio_hospitalizacion_HOSPITALIZACIÓN QUIRÚRGICA CIRUGÍA PLÁSTICA/RECONSTRUCTIVA/ REPARADORA QUEMADOS,0.00024685095
categoricas__servicio_hospitalizacion_HOSPITALIZACION QUIRURGICA UROLOGIA,0.00024158326
categoricas__servicio_hospitalizacion_HOSPITALIZACIÓN DE MEDICINA MEDICINA INTERNA,0.00020729724
categoricas__servicio_hospitalizacion_HOSPITALIZACIÓN QUIRÚRGICA CIRUGÍA DE CABEZA Y CUELLO / MÁXILO FACIAL,0.00018975041
categoricas__codigo_ipress_00006215,0.00018723798
categoricas__servicio_hospitalizacion_HOSPITALIZACIÓN QUIRÚRGICA CIRUGÍA DE TÓRAX Y CARDIOVASCULAR,0.00014604523
categoricas__servicio_hospitalizacion_HOSPITALIZACIÓN DE PEDIATRÍA PEDIATRIA NEONATOLOGÍA,0.00012222139
categoricas__servicio_hospitalizacion_HOSPITALIZACIÓN DE MEDICINA ONCOLOGÍA MÉDICA,9.166625e-05
categoricas__servicio_hospitalizacion_UNIDAD DE CUIDADOS CRITICOS UNIDAD DE CUIDADOS INTERMEDIOS (UCIN) PEDIATRICOS,0.0
categoricas__servicio_hospitalizacion_UNIDAD DE CUIDADOS CRITICOS UNIDAD DE CUIDADOS INTERMEDIOS (UCIN) NEONATAL,0.0
categoricas__servicio_hospitalizacion_UNIDAD DE CUIDADOS CRITICOS UNIDAD DE CUIDADOS INTENSIVOS GENERALES (UCI) MEDICINA,0.0
categoricas__servicio_hospitalizacion_UNIDAD DE CUIDADOS CRITICOS UNIDAD DE CUIDADOS INTENSIVOS GENERALES (UCI) GINECO-OBSTETRICIA,0.0
categoricas__servicio_hospitalizacion_UNIDAD DE CUIDADOS CRITICOS UNIDAD DE CUIDADOS INTENSIVOS GENERALES (UCI) CARDIOLOGIA,0.0
categoricas__servicio_hospitalizacion_UNIDAD DE CUIDADOS CRITICOS UNIDAD DE CUIDADOS INTENSIVOS GENERALES (UCI),0.0
categoricas__servicio_hospitalizacion_UNIDAD DE CUIDADOS CRITICOS UNIDAD DE CUIDADOS INTENSIVOS (UCI) RESPIRATORIA,0.0
categoricas__servicio_hospitalizacion_UNIDAD DE CUIDADOS CRITICOS UNIDAD DE CUIDADOS INTENSIVOS (UCI) QUIRÚRGICA,0.0
categoricas__servicio_hospitalizacion_UNIDAD DE CUIDADOS CRITICOS UNIDAD DE CUIDADOS INTENSIVOS (UCI) PEDIATRICA,0.0
categoricas__servicio_hospitalizacion_UNIDAD DE CUIDADOS CRITICOS UNIDAD DE CUIDADOS INTENSIVOS (UCI) NEUROQUIRÚRGICA,0.0
categoricas__servicio_hospitalizacion_UNIDAD DE CUIDADOS CRITICOS UNIDAD DE CUIDADOS INTENSIVOS (UCI) NEUROQUIRURGICA,0.0
categoricas__codigo_ipress_00006217,0.0
categoricas__codigo_ipress_00028466,0.0
categoricas__codigo_ipress_00028025,0.0
categoricas__codigo_ipress_00027565,0.0
categoricas__codigo_ipress_00023159,0.0
categoricas__codigo_ipress_00018580,0.0
categoricas__codigo_ipress_00016094,0.0
categoricas__codigo_ipress_00012923,0.0
categoricas__codigo_ipress_00010751,0.0
categoricas__codigo_ipress_00010434,0.0
categoricas__codigo_ipress_00010135,0.0
categoricas__codigo_ipress_00010098,0.0
categoricas__codigo_ipress_00008741,0.0
categoricas__codigo_ipress_00008709,0.0
categoricas__codigo_ipress_00008564,0.0
categoricas__codigo_ipress_00008502,0.0
categoricas__codigo_ipress_5945,0.0
categoricas__codigo_ipress_5883,0.0
categoricas__codigo_ipress_5617,0.0
categoricas__codigo_ipress_23159,0.0
categoricas__codigo_ipress_18011,0.0
categoricas__codigo_ipress_17024,0.0
categoricas__codigo_ipress_16918,0.0
categoricas__codigo_ipress_16094,0.0
categoricas__codigo_ipress_14718,0.0
categoricas__codigo_ipress_13591,0.0
categoricas__codigo_ipress_10751,0.0
categoricas__codigo_ipress_10434,0.0
categoricas__codigo_ipress_10135,0.0
categoricas__codigo_ipress_10098,0.0
categoricas__codigo_ipress_00035628,0.0
categoricas__codigo_ipress_00033381,0.0
categoricas__codigo_ipress_6217,0.0
categoricas__codigo_ipress_6215,0.0
categoricas__codigo_ipress_6214,0.0
categoricas__codigo_ipress_6213,0.0
categoricas__codigo_ipress_6212,0.0
categoricas__codigo_ipress_6211,0.0
categoricas__codigo_ipress_6210,0.0
categoricas__codigo_ipress_6208,0.0
categoricas__codigo_ipress_6207,0.0
categoricas__codigo_ipress_6206,0.0
categoricas__codigo_ipress_5987,0.0
categoricas__codigo_ipress_5948,0.0
categoricas__codigo_ipress_5947,0.0
categoricas__codigo_ipress_5946,0.0
categoricas__id_hospitalizacion_040700,0.0
categoricas__id_hospitalizacion_040100,0.0
categoricas__id_hospitalizacion_040000,0.0
categoricas__codigo_ipress_9188,0.0
categoricas__codigo_ipress_8741,0.0
categoricas__codigo_ipress_8720,0.0
categoricas__codigo_ipress_8671,0.0
categoricas__codigo_ipress_8564,0.0
categoricas__codigo_ipress_8502,0.0
categoricas__codigo_ipress_8489,0.0
categoricas__codigo_ipress_8353,0.0
categoricas__codigo_ipress_8318,0.0
categoricas__codigo_ipress_8317,0.0
categoricas__codigo_ipress_7734,0.0
categoricas__codigo_ipress_7733,0.0
categoricas__codigo_ipress_7633,0.0
categoricas__id_hospitalizacion_221502,0.0
categoricas__id_hospitalizacion_221400,0.0
categoricas__id_hospitalizacion_221300,0.0
categoricas__id_hospitalizacion_221200,0.0
categoricas__id_hospitalizacion_221000,0.0
categoricas__id_hospitalizacion_220900,0.0
categoricas__id_hospitalizacion_220700,0.0
categoricas__id_hospitalizacion_220600,0.0
categoricas__id_hospitalizacion_220500,0.0
categoricas__id_hospitalizacion_220100,0.0
categoricas__id_hospitalizacion_160807,0.0
categoricas__id_hospitalizacion_160400,0.0
categoricas__id_hospitalizacion_160300,0.0
categoricas__id_hospitalizacion_150300,0.0
categoricas__id_hospitalizacion_130300,0.0
categoricas__id_hospitalizacion_130000,0.0
categoricas__id_hospitalizacion_230400,0.0
categoricas__id_hospitalizacion_230301,0.0
categoricas__id_hospitalizacion_230109,0.0
categoricas__id_hospitalizacion_230108,0.0
categoricas__id_hospitalizacion_230100,0.0
categoricas__id_hospitalizacion_225400,0.0
categoricas__id_hospitalizacion_224700,0.0
categoricas__id_hospitalizacion_224200,0.0
categoricas__id_hospitalizacion_223900,0.0
categoricas__id_hospitalizacion_223800,0.0
categoricas__id_hospitalizacion_223700,0.0
categoricas__id_hospitalizacion_223500,0.0
categoricas__id_hospitalizacion_223200,0.0
categoricas__id_hospitalizacion_222800,0.0
categoricas__id_hospitalizacion_222400,0.0
categoricas__id_hospitalizacion_221601,0.0
categoricas__codigo_ipress_00005947,0.0
categoricas__codigo_ipress_00005945,0.0
categoricas__codigo_ipress_00005883,0.0
categoricas__codigo_ipress_00005842,0.0
categoricas__codigo_ipress_00005821,0.0
categoricas__codigo_ipress_00005817,0.0
categoricas__codigo_ipress_00005816,0.0
categoricas__codigo_ipress_00005814,0.0
categoricas__codigo_ipress_00005799,0.0
categoricas__codigo_ipress_00005791,0.0
categoricas__codigo_ipress_00005772,0.0
categoricas__codigo_ipress_00005755,0.0
categoricas__codigo_ipress_00005742,0.0
categoricas__codigo_ipress_00005735,0.0
categoricas__codigo_ipress_00005644,0.0
categoricas__id_hospitalizacion_240300,0.0
categoricas__id_hospitalizacion_242203,0.0
categoricas__id_hospitalizacion_242202,0.0
categoricas__id_hospitalizacion_242201,0.0
categoricas__id_hospitalizacion_241700,0.0
categoricas__id_hospitalizacion_241300,0.0
categoricas__id_hospitalizacion_241100,0.0
categoricas__id_hospitalizacion_240801,0.0
categoricas__id_hospitalizacion_240600,0.0
categoricas__id_hospitalizacion_240500,0.0
categoricas__codigo_ipress_00005617,0.0
categoricas__categoria_ipress_I-3,0.0
categoricas__categoria_ipress_I-2,0.0
categoricas__sector_SANIDAD DE LA FUERZA AEREA DEL PERU,0.0
categoricas__id_hospitalizacion_243100,0.0
categoricas__distrito_VILLA MARIA DEL TRIUNFO,0.0
categoricas__distrito_SANTIAGO DE SURCO,0.0
categoricas__distrito_SANTA ANITA,0.0
categoricas__distrito_SAN MIGUEL,0.0
categoricas__distrito_SAN JUAN DE MIRAFLORES,0.0
categoricas__distrito_SAN JUAN DE LURIGANCHO,0.0
categoricas__distrito_SAN BARTOLO,0.0
categoricas__distrito_PUEBLO LIBRE,0.0
categoricas__distrito_PUCUSANA,0.0
categoricas__distrito_MIRAFLORES,0.0
categoricas__id_hospitalizacion_242900,0.0
categoricas__id_hospitalizacion_242800,0.0
categoricas__id_hospitalizacion_242700,0.0
categoricas__id_hospitalizacion_242205,0.0
categoricas__id_hospitalizacion_242204,0.0
categoricas__id_hospitalizacion_245000,0.0
categoricas__id_hospitalizacion_244800,0.0
categoricas__id_hospitalizacion_244600,0.0
categoricas__id_hospitalizacion_244500,0.0
categoricas__id_hospitalizacion_244400,0.0
categoricas__id_hospitalizacion_244300,0.0
categoricas__id_hospitalizacion_244200,0.0
categoricas__id_hospitalizacion_244100,0.0
categoricas__id_hospitalizacion_244000,0.0
categoricas__id_hospitalizacion_243800,0.0
categoricas__id_hospitalizacion_243700,0.0
categoricas__id_hospitalizacion_243600,0.0
categoricas__id_hospitalizacion_243500,0.0
categoricas__id_hospitalizacion_243400,0.0
categoricas__id_hospitalizacion_243300,0.0
categoricas__id_hospitalizacion_250110,0.0
categoricas__id_hospitalizacion_250109,0.0
categoricas__id_hospitalizacion_250108,0.0
categoricas__id_hospitalizacion_250107,0.0
categoricas__id_hospitalizacion_250106,0.0
categoricas__id_hospitalizacion_250105,0.0
categoricas__id_hospitalizacion_250103,0.0
categoricas__id_hospitalizacion_250102,0.0
categoricas__id_hospitalizacion_250101,0.0
categoricas__id_hospitalizacion_250100,0.0
categoricas__id_hospitalizacion_245700,0.0
categoricas__id_hospitalizacion_245600,0.0
categoricas__id_hospitalizacion_245500,0.0
categoricas__id_hospitalizacion_245400,0.0
categoricas__id_hospitalizacion_245200,0.0
categoricas__id_hospitalizacion_245100,0.0
categoricas__servicio_hospitalizacion_CONSULTA EXTERNA-GINECOLOGÍA GENERAL-GINECOLOGÍA,0.0
categoricas__servicio_hospitalizacion_CONSULTA EXTERNA-GASTROENTEROLOGÍA-,0.0
categoricas__servicio_hospitalizacion_CONSULTA EXTERNA-CIRUGÍA PLÁSTICA,0.0
categoricas__servicio_hospitalizacion_CONSULTA EXTERNA-CIRUGÍA PEDIÁTRICA-,0.0
categoricas__servicio_hospitalizacion_CONSULTA EXTERNA-CIRUGÍA GENERAL-,0.0
categoricas__servicio_hospitalizacion_CONSULTA EXTERNA-CIRUGÍA DE TÓRAX Y CARDIOVASCULAR,0.0
categoricas__servicio_hospitalizacion_CENTRO QUIRÚRGICO Y ANESTESIOLOGÍA-UNIDAD DE RECUPERACIÓN Y REANIMACIÓN-,0.0
categoricas__servicio_hospitalizacion_CENTRO QUIRÚRGICO Y ANESTESIOLOGÍA- CIRUGÍA ALTAMENTE ESPECIALIZADA Y DE ALTA COMPLEJIDAD,0.0
categoricas__servicio_hospitalizacion_CENTRO QUIRÚRGICO Y ANESTESIOLOGÍA,0.0
categoricas__id_hospitalizacion_250500,0.0
categoricas__id_hospitalizacion_250306,0.0
categoricas__id_hospitalizacion_250304,0.0
categoricas__id_hospitalizacion_250303,0.0
categoricas__id_hospitalizacion_250202,0.0
categoricas__id_hospitalizacion_250201,0.0
categoricas__id_hospitalizacion_250200,0.0
categoricas__servicio_hospitalizacion_EMERGENCIA,0.0
categoricas__servicio_hospitalizacion_CONSULTA EXTERNA-UROLOGÍA -,0.0
categoricas__servicio_hospitalizacion_CONSULTA EXTERNA-TRAUMATOLOGÍA Y ORTOPEDIA,0.0
categoricas__servicio_hospitalizacion_CONSULTA EXTERNA-PSIQUIATRÍA,0.0
categoricas__servicio_hospitalizacion_CONSULTA EXTERNA-PEDIATRÍA GENERAL-,0.0
categoricas__servicio_hospitalizacion_CONSULTA EXTERNA-OTORRINOLARINGOLOGÍA -,0.0
categoricas__servicio_hospitalizacion_CONSULTA EXTERNA-OFTALMOLOGÍA,0.0
categoricas__servicio_hospitalizacion_CONSULTA EXTERNA-OBSTETRICIA / ATENCIÓN DE LA MUJER-OBSTETRICIA,0.0
categoricas__servicio_hospitalizacion_CONSULTA EXTERNA-NEUROLOGÍA,0.0
categoricas__servicio_hospitalizacion_CONSULTA EXTERNA-NEUROCIRUGÍA,0.0
categoricas__servicio_hospitalizacion_CONSULTA EXTERNA-NEUMOLOGÍA,0.0
categoricas__servicio_hospitalizacion_CONSULTA EXTERNA-NEONATOLOGÍA-,0.0
categoricas__servicio_hospitalizacion_CONSULTA EXTERNA-NEFROLOGÍA-,0.0
categoricas__servicio_hospitalizacion_CONSULTA EXTERNA-MEDICINA INTERNA-,0.0
categoricas__servicio_hospitalizacion_CONSULTA EXTERNA-MEDICINA GENERAL / ATENCIÓN DEL ADULTO-,0.0
categoricas__servicio_hospitalizacion_CONSULTA EXTERNA-INFECTOLOGÍA-,0.0
categoricas__servicio_hospitalizacion_HOSPITALIZACION DE MEDICINA HEMATOLOGIA,0.0
categoricas__servicio_hospitalizacion_HOSPITALIZACION DE MEDICINA GINECOLOGIA,0.0
categoricas__servicio_hospitalizacion_HOSPITALIZACION DE MEDICINA GERIATRIA,0.0
categoricas__servicio_hospitalizacion_HOSPITALIZACION DE MEDICINA GASTROENTEROLOGIA,0.0
categoricas__servicio_hospitalizacion_HOSPITALIZACION DE MEDICINA ENDOCRINOLOGIA,0.0
categoricas__servicio_hospitalizacion_HOSPITALIZACION DE MEDICINA DERMATOLOGIA,0.0
categoricas__servicio_hospitalizacion_HOSPITALIZACION DE MEDICINA CARDIOLOGIA,0.0
categoricas__servicio_hospitalizacion_HOSPITALIZACION,0.0
categoricas__servicio_hospitalizacion_HOSPIT. EN UNIDAD DE CUID.INTEN.-UNIDAD DE VIGILANCIA INTENSIVA (UVI)-PEDIATRÍA,0.0
categoricas__servicio_hospitalizacion_HOSPIT. EN UNIDAD DE CUID.INTEN.-UNIDAD DE VIGILANCIA INTENSIVA (UVI)-MEDICINA,0.0
categoricas__servicio_hospitalizacion_HOSPIT. EN UNIDAD DE CUID.INTEN.-UNIDAD DE VIGILANCIA INTENSIVA (UVI)-INFECTADOS,0.0
categoricas__servicio_hospitalizacion_HOSPIT. EN UNIDAD DE CUID.INTEN.-UNIDAD DE TRAUMA SHOCK-,0.0
categoricas__servicio_hospitalizacion_EMERGENCIA-EMERGENCIA / PRIORIDAD 2-UROLOGÍA,0.0
categoricas__servicio_hospitalizacion_EMERGENCIA-EMERGENCIA / PRIORIDAD 2-TRAUMATOLOGÍA Y ORTOPEDIA,0.0
categoricas__servicio_hospitalizacion_EMERGENCIA SHOCKTRAUMA / PRIORIDAD 1,0.0
categoricas__servicio_hospitalizacion_EMERGENCIA SALA DE OBSERVACION SALA OBSERVACION PACIENTE CRITICO,0.0
categoricas__servicio_hospitalizacion_HOSPITALIZACION DE MEDICINA REUMATOLOGIA,0.0
categoricas__servicio_hospitalizacion_HOSPITALIZACION DE MEDICINA PSIQUIATRIA PSIQUIATRIA DEL NI?O Y DEL ADOLESCENTE,0.0
categoricas__servicio_hospitalizacion_HOSPITALIZACION DE MEDICINA PSIQUIATRIA PSIQUIATRIA DEL ADULTO Y GERONTE,0.0
categoricas__servicio_hospitalizacion_HOSPITALIZACION DE MEDICINA PSIQUIATRIA PSIQUIATRIA - HOSPITALIZACION DE DIA,0.0
categoricas__servicio_hospitalizacion_HOSPITALIZACION DE MEDICINA PSIQUIATRIA,0.0
categoricas__servicio_hospitalizacion_HOSPITALIZACION DE MEDICINA ONCOLOGIA MEDICA,0.0
categoricas__servicio_hospitalizacion_HOSPITALIZACION DE MEDICINA NEUROLOGIA NEUROVASCULARES Y METABOLICAS,0.0
categoricas__servicio_hospitalizacion_HOSPITALIZACION DE MEDICINA NEUROLOGIA NEURODEGENERATIVAS,0.0
categoricas__servicio_hospitalizacion_HOSPITALIZACION DE MEDICINA NEUROLOGIA EPILEPSIA/EPILEPTOLOGIA,0.0
categoricas__servicio_hospitalizacion_HOSPITALIZACION DE MEDICINA NEUROLOGIA ENFERMEDADES INFECCIOSAS/TRANSMISIBLES DEL SISTEMA NERVIOSO,0.0
categoricas__servicio_hospitalizacion_HOSPITALIZACION DE MEDICINA NEUROLOGIA,0.0
categoricas__servicio_hospitalizacion_HOSPITALIZACION DE MEDICINA NEUMOLOGIA,0.0
categoricas__servicio_hospitalizacion_HOSPITALIZACION DE MEDICINA NEFROLOGIA,0.0
categoricas__servicio_hospitalizacion_HOSPITALIZACION DE MEDICINA MEDICINA TROPICAL E INFECCIOSAS,0.0
categoricas__servicio_hospitalizacion_HOSPITALIZACION DE MEDICINA MEDICINA INTERNA,0.0
categoricas__servicio_hospitalizacion_HOSPITALIZACION DE MEDICINA MEDICINA GENERAL,0.0
categoricas__servicio_hospitalizacion_HOSPITALIZACION QUIRURGICA CIRUGIA DE TORAX Y CARDIOVASCULAR,0.0
categoricas__servicio_hospitalizacion_HOSPITALIZACION QUIRURGICA CIRUGIA DE CABEZA Y CUELLO / MAXILO FACIAL,0.0
categoricas__servicio_hospitalizacion_HOSPITALIZACION MEDICINA PSIQUIATRIA PISIQUIATRIA/ SALUD MENTAL Y ADICCIONES,0.0
categoricas__servicio_hospitalizacion_HOSPITALIZACION DE PEDIATRIA PEDIATRIA OTORRINOLARINGOLOGIA PEDIATRICA,0.0
categoricas__servicio_hospitalizacion_HOSPITALIZACION DE PEDIATRIA PEDIATRIA ONCOLOGIA PEDIATRICA,0.0
categoricas__servicio_hospitalizacion_HOSPITALIZACION DE PEDIATRIA PEDIATRIA OFTALMOLOGIA PEDIATRICA,0.0
categoricas__servicio_hospitalizacion_HOSPITALIZACION DE PEDIATRIA PEDIATRIA NEUROLOGIA PEDIATRICA,0.0
categoricas__servicio_hospitalizacion_HOSPITALIZACION DE PEDIATRIA PEDIATRIA NEUMOLOGIA PEDIATRICA,0.0
categoricas__servicio_hospitalizacion_HOSPITALIZACION DE PEDIATRIA PEDIATRIA NEONATOLOGIA,0.0
categoricas__servicio_hospitalizacion_HOSPITALIZACION DE PEDIATRIA PEDIATRIA NEFROLOGIA PEDIATRICA,0.0
categoricas__servicio_hospitalizacion_HOSPITALIZACION DE PEDIATRIA PEDIATRIA GINECOLOGIA PEDIATRICA,0.0
categoricas__servicio_hospitalizacion_HOSPITALIZACION DE PEDIATRIA PEDIATRIA GENERAL,0.0
categoricas__servicio_hospitalizacion_HOSPITALIZACION DE PEDIATRIA PEDIATRIA GASTROENTEROLOGIA PEDIATRICA,0.0
categoricas__servicio_hospitalizacion_HOSPITALIZACION DE PEDIATRIA PEDIATRIA DERMATOLOGIA PEDIATRICA,0.0
categoricas__servicio_hospitalizacion_HOSPITALIZACION DE PEDIATRIA PEDIATRIA CARDIOLOGIA PEDIATRICA,0.0
categoricas__servicio_hospitalizacion_HOSPITALIZACION DE MEDICINA-NEUROLOGIA -NEUROLOGIA DE LA CONDUCTA,0.0
categoricas__servicio_hospitalizacion_HOSPITALIZACION-PEDIATRIA GENERAL-,0.0
categoricas__ubigeo_150112,0.0
categoricas__servicio_hospitalizacion_HOSPITALIZACION QUIRURGICA TRAUMATOLOGIA Y ORTOPEDIA,0.0
categoricas__servicio_hospitalizacion_HOSPITALIZACION QUIRURGICA OTORRINOLARINGOLOGIA,0.0
categoricas__servicio_hospitalizacion_HOSPITALIZACION QUIRURGICA ONCOLOGIA QUIRURGICA,0.0
categoricas__servicio_hospitalizacion_HOSPITALIZACION QUIRURGICA OBSTETRICIA,0.0
categoricas__servicio_hospitalizacion_HOSPITALIZACION QUIRURGICA NEUROCIRUGIA,0.0
categoricas__servicio_hospitalizacion_HOSPITALIZACION QUIRURGICA GINECOLOGIA GINECOLOGIA ONCOLOGICA,0.0
categoricas__servicio_hospitalizacion_HOSPITALIZACION QUIRURGICA GINECOLOGIA,0.0
categoricas__ubigeo_150114,0.0
categoricas__servicio_hospitalizacion_HOSPITALIZACION QUIRURGICA CIRUGIA PLASTICA/RECONSTRUCTIVA/ REPARADORA QUEMADOS,0.0
categoricas__servicio_hospitalizacion_HOSPITALIZACION QUIRURGICA CIRUGIA PLASTICA/RECONSTRUCTIVA/ REPARADORA,0.0
categoricas__servicio_hospitalizacion_HOSPITALIZACION QUIRURGICA CIRUGIA PEDIATRICA,0.0
categoricas__ubigeo_150117,0.0
categoricas__servicio_hospitalizacion_HOSPITALIZACION QUIRURGICA CIRUGIA GENERAL,0.0
categoricas__servicio_hospitalizacion_HOSPITALIZACION QUIRURGICA CIRUGIA DE TRANSPLANTES,0.0
categoricas__ubigeo_150119,0.0
categoricas__servicio_hospitalizacion_HOSPITALIZACIÓN DE MEDICINA NEUROLOGIA NEUROVASCULARES Y METABOLICAS,0.0
categoricas__servicio_hospitalizacion_HOSPITALIZACIÓN DE MEDICINA NEUROLOGIA NEURODEGENERATIVAS,0.0
categoricas__servicio_hospitalizacion_HOSPITALIZACIÓN DE MEDICINA NEUROLOGIA EPILEPSIA/EPILEPTOLOGIA,0.0
categoricas__servicio_hospitalizacion_HOSPITALIZACIÓN DE MEDICINA NEUROLOGIA ENFERMEDADES INFECCIOSAS/TRANSMISIBLES DEL SISTEMA NERVIOSO,0.0
categoricas__servicio_hospitalizacion_HOSPITALIZACIÓN DE MEDICINA NEFROLOGIA,0.0
categoricas__ubigeo_150122,0.0
categoricas__ubigeo_150124,0.0
categoricas__servicio_hospitalizacion_HOSPITALIZACIÓN DE MEDICINA HEMATOLOGÍA,0.0
categoricas__servicio_hospitalizacion_HOSPITALIZACIÓN DE MEDICINA GINECOLOGIA,0.0
categoricas__servicio_hospitalizacion_HOSPITALIZACIÓN DE MEDICINA GERIATRIA,0.0
categoricas__servicio_hospitalizacion_HOSPITALIZACIÓN DE MEDICINA GASTROENTEROLOGÍA,0.0
categoricas__servicio_hospitalizacion_HOSPITALIZACIÓN DE MEDICINA ENDOCRINOLOGIA,0.0
categoricas__servicio_hospitalizacion_HOSPITALIZACIÓN DE MEDICINA DERMATOLOGÍA,0.0
categoricas__servicio_hospitalizacion_HOSPITALIZACIÓN DE MEDICINA CARDIOLOGIA,0.0
categoricas__servicio_hospitalizacion_HOSPITALIZACIÓN DE DÍA,0.0
categoricas__servicio_hospitalizacion_HOSPITALIZACIÓN DE MEDICINA REUMATOLOGÍA,0.0
categoricas__distrito_LURIN,0.0
categoricas__distrito_LURIGANCHO,0.0
categoricas__distrito_LOS OLIVOS,0.0
categoricas__distrito_LA MOLINA,0.0
categoricas__distrito_INDEPENDENCIA,0.0
categoricas__distrito_EL AGUSTINO,0.0
categoricas__distrito_COMAS,0.0
categoricas__distrito_CHORRILLOS,0.0
categoricas__distrito_CARABAYLLO,0.0
categoricas__distrito_BRE?A,0.0
categoricas__distrito_ATE,0.0
categoricas__servicio_hospitalizacion_HOSPITALIZACIÓN DE MEDICINA PSIQUIATRÍA REHABILITACIÓN PSIQUIÁTRICA / REINSERCIÓN,0.0
categoricas__servicio_hospitalizacion_HOSPITALIZACIÓN DE MEDICINA PSIQUIATRÍA PSIQUIATRÍA DEL NIÑO Y DEL ADOLESCENTE,0.0
categoricas__servicio_hospitalizacion_HOSPITALIZACIÓN DE MEDICINA PSIQUIATRÍA PSIQUIATRÍA DEL ADULTO Y GERONTE,0.0
categoricas__servicio_hospitalizacion_HOSPITALIZACIÓN DE MEDICINA PSIQUIATRÍA PSIQUIATRÍA - HOSPITALIZACIÓN DE DÍA,0.0
categoricas__servicio_hospitalizacion_UNIDAD DE CUIDADOS CRITICOS UNIDAD DE QUEMADOS (GRAN QUEMADO),0.0
categoricas__servicio_hospitalizacion_HOSPITALIZACIÓN QUIRÚRGICA CARDIOLOGIA,0.0
categoricas__codigo_ipress_00006211,0.0
categoricas__servicio_hospitalizacion_HOSPITALIZACIÓN DE PEDIATRÍA PEDIATRIA PSIQUIATRÍA PEDIÁTRICA,0.0
categoricas__servicio_hospitalizacion_HOSPITALIZACIÓN DE PEDIATRÍA PEDIATRIA OTORRINOLARINGOLOGÍA PEDIÁTRICA,0.0
categoricas__servicio_hospitalizacion_HOSPITALIZACIÓN DE PEDIATRÍA PEDIATRIA ONCOLOGÍA PEDIÁTRICA,0.0
categoricas__servicio_hospitalizacion_HOSPITALIZACIÓN DE PEDIATRÍA PEDIATRIA OFTALMOLOGÍA PEDIÁTRICA,0.0
categoricas__servicio_hospitalizacion_HOSPITALIZACIÓN DE PEDIATRÍA PEDIATRIA NEUROLOGÍA PEDIÁTRICA,0.0
categoricas__servicio_hospitalizacion_HOSPITALIZACIÓN DE PEDIATRÍA PEDIATRIA NEUMOLOGÍA PEDIÁTRICA,0.0
categoricas__servicio_hospitalizacion_OTROS PROCED. DIAGNÓSTICOS Y TERAPÉUTICOS-NEUMOLÓGICOS-,0.0
categoricas__servicio_hospitalizacion_HOSPITALIZACIÓN DE PEDIATRÍA PEDIATRIA NEFROLOGÍA PEDIÁTRICA,0.0
categoricas__servicio_hospitalizacion_HOSPITALIZACIÓN DE PEDIATRÍA PEDIATRIA GASTROENTEROLOGÍA PEDIÁTRICA,0.0
categoricas__servicio_hospitalizacion_HOSPITALIZACIÓN DE PEDIATRÍA PEDIATRIA ENDOCRINOLOGÍA PEDIÁTRICA,0.0
categoricas__servicio_hospitalizacion_HOSPITALIZACIÓN DE PEDIATRÍA PEDIATRIA DERMATOLOGÍA PEDIÁTRICA,0.0
categoricas__servicio_hospitalizacion_HOSPITALIZACION QUIRURGICA CIRUGIA OFTALMOLOGICA,0.0
categoricas__servicio_hospitalizacion_HOSPITALIZACIÓN DE MEDICINA-NEUROLOGIA -NEUROLOGIA DE LA CONDUCTA,0.0
categoricas__servicio_hospitalizacion_MEDICINA DE REHABILITACIÓN / MEDICINA FÍSICA Y REHABILITACIÓN,0.0
categoricas__servicio_hospitalizacion_MEDIC. DE REHAB. / MEDICINA FÍS.Y REHAB.-REHABILITACIÓN FÍSICA,0.0
categoricas__servicio_hospitalizacion_HOSPITALIZACIÓN-HOSPITALIZACIÓN DE MEDICINA-GERIATRIA,0.0
categoricas__servicio_hospitalizacion_HOSPITALIZACIÓN QUIRÚRGICA UROLOGÍA,0.0
categoricas__servicio_hospitalizacion_HOSPITALIZACIÓN QUIRÚRGICA OTORRINOLARINGOLOGÍA,0.0
categoricas__servicio_hospitalizacion_HOSPITALIZACIÓN QUIRÚRGICA ONCOLOGÍA QUIRÚRGICA,0.0
categoricas__servicio_hospitalizacion_HOSPITALIZACIÓN QUIRÚRGICA GINECOLOGÍA GINECOLOGIA ONCOLOGICA,0.0
categoricas__codigo_ipress_00006164,0.0
categoricas__servicio_hospitalizacion_HOSPITALIZACIÓN QUIRÚRGICA GINECO - OBSTETRICIA,0.0
categoricas__servicio_hospitalizacion_UNIDAD DE CUIDADOS CRITICOS UNIDAD DE CUIDADOS INTENSIVOS (UCI) NEUROLÓGICA,0.0
categoricas__servicio_hospitalizacion_HOSPITALIZACIÓN QUIRÚRGICA CIRUGÍA PLÁSTICA/RECONSTRUCTIVA/ REPARADORA,0.0
categoricas__ubigeo_150103,0.0
categoricas__servicio_hospitalizacion_UNIDAD DE CUIDADOS CRITICOS UNIDAD DE CUIDADOS INTERMEDIOS GENERAL (UCIN),0.0
categoricas__servicio_hospitalizacion_HOSPITALIZACIÓN QUIRÚRGICA CIRUGÍA DIGESTIVA,0.0
categoricas__servicio_hospitalizacion_UNIDAD DE CUIDADOS CRITICOS UNIDAD DE CUIDADOS INTERMEDIOS (UCIN) PEDIÁTRICOS,0.0
categoricas__servicio_hospitalizacion_HOSPITALIZACIÓN QUIRÚRGICA CIRUGÍA DE TRANSPLANTES,0.0
categoricas__servicio_hospitalizacion_UNIDAD DE CUIDADOS CRITICOS UNIDAD DE CUIDADOS INTENSIVOS (UCI) NEUROLOGICA,0.0
categoricas__codigo_ipress_00006153,0.0
categoricas__codigo_ipress_00006151,0.0
categoricas__codigo_ipress_00006124,0.0
categoricas__codigo_ipress_00006088,0.0
categoricas__codigo_ipress_00006084,0.0
categoricas__codigo_ipress_00006079,0.0
categoricas__codigo_ipress_00005991,0.0
categoricas__codigo_ipress_00005948,0.0
categoricas__codigo_ipress_00008353,0.0
categoricas__codigo_ipress_00008317,0.0
categoricas__codigo_ipress_00007734,0.0
categoricas__codigo_ipress_00007733,0.0
categoricas__codigo_ipress_00007634,0.0
categoricas__codigo_ipress_00007633,0.0
categoricas__ubigeo_150106,0.0
categoricas__ubigeo_150102,0.0
categoricas__distrito_ANCON,0.0
categoricas__provincia_LIMA,0.0
categoricas__departamento_LIMA,0.0
categoricas__ubigeo_150143,0.0
categoricas__ubigeo_150141,0.0
categoricas__ubigeo_150140,0.0
categoricas__ubigeo_150136,0.0
categoricas__ubigeo_150132,0.0
categoricas__ubigeo_150129,0.0
categoricas__servicio_hospitalizacion_UNIDAD DE CUIDADOS CRITICOS UNIDAD DE CUIDADOS INTENSIVOS (UCI) NEONATOLOGIA,0.0
categoricas__servicio_hospitalizacion_UNIDAD DE CUIDADOS CRITICOS UNIDAD DE CUIDADOS INTENSIVOS (UCI) CARDIOVASCULAR,0.0
categoricas__servicio_hospitalizacion_PATOLOGÍA CLÍNICA (LABORATORIO CLÍNICO)-HEMATOLOGÍA -,0.0
categoricas__servicio_hospitalizacion_OTROS PROCED. DIAGNÓSTICOS Y TERAPÉUTICOS-REHAB. EN SALUD MENTAL-PSIQUIATRÍA GRUPAL,0.0
categoricas__servicio_hospitalizacion_OTROS PROCED. DIAGNÓSTICOS Y TERAPÉUTICOS-NEUROLÓGICOS -,0.0
categoricas__servicio_hospitalizacion_HOSPITALIZACIÓN DE PEDIATRÍA PEDIATRIA CARDIOLOGÍA PEDIÁTRICA,0.0
