anio_prueba,n_train,n_test,test_sha256,accuracy,balanced_accuracy,precision_macro,recall_macro,f1_macro,specificity_macro,roc_auc_ovr_macro,recall_alto,precision_alto,f1_alto,casos_alto_reales,falsos_negativos_alto,tasa_falsos_negativos_alto,errores_alto_bajo,proporcion_alto_bajo,proporcion_alto_bajo_total,modelo,tipo,fase,n_features,delta_accuracy_vs_ganador,delta_balanced_accuracy_vs_ganador,delta_precision_macro_vs_ganador,delta_recall_macro_vs_ganador,delta_f1_macro_vs_ganador,delta_specificity_macro_vs_ganador,delta_roc_auc_ovr_macro_vs_ganador,delta_recall_alto_vs_ganador,delta_precision_alto_vs_ganador,delta_f1_alto_vs_ganador,delta_casos_alto_reales_vs_ganador,delta_falsos_negativos_alto_vs_ganador,delta_tasa_falsos_negativos_alto_vs_ganador,delta_errores_alto_bajo_vs_ganador,delta_proporcion_alto_bajo_vs_ganador,delta_proporcion_alto_bajo_total_vs_ganador
2018,9463,4292,9ed833ef2ca13459e0be1cc9a3797134fe3bd383cee7f256534e2624ea225cbb,0.7204100652376515,0.7022096454833945,0.6961917405917889,0.7022096454833945,0.6966983969060062,0.8633429815566164,0.8800065170899475,0.7678314983245572,0.8614393125671321,0.8119463426980512,2089,485,0.23216850167544278,102,0.048827190043082815,0.023765144454799627,Base,modelo,desarrollo,37,,,,,,,,,,,,,,,,
2018,9463,4292,9ed833ef2ca13459e0be1cc9a3797134fe3bd383cee7f256534e2624ea225cbb,0.7253028890959925,0.7035650409905813,0.6985058344657732,0.7035650409905813,0.6994888350854686,0.8645445955902055,0.8818078886435016,0.7831498324557205,0.8547544409613375,0.8173869597801648,2089,453,0.21685016754427955,97,0.04643370033508856,0.022600186393289843,A,modelo,desarrollo,48,,,,,,,,,,,,,,,,
2018,9463,4292,9ed833ef2ca13459e0be1cc9a3797134fe3bd383cee7f256534e2624ea225cbb,0.7243709226467847,0.7023205069991962,0.6973251986962478,0.7023205069991962,0.6982058606019632,0.8643573706370157,0.8813476968631849,0.7836285303973193,0.8570680628272251,0.8187046761690423,2089,452,0.21637146960268072,98,0.04691239827668741,0.022833178005591797,B,modelo,desarrollo,52,,,,,,,,,,,,,,,,
2018,9463,4292,9ed833ef2ca13459e0be1cc9a3797134fe3bd383cee7f256534e2624ea225cbb,0.7264678471575023,0.7062371069634006,0.7014030165058088,0.7062371069634006,0.7018728641095398,0.8654946448857256,0.8829235201335255,0.7807563427477262,0.857969489742241,0.8175438596491228,2089,458,0.21924365725227382,92,0.0440402106270943,0.021435228331780055,C,modelo,desarrollo,59,,,,,,,,,,,,,,,,
2018,9463,4292,9ed833ef2ca13459e0be1cc9a3797134fe3bd383cee7f256534e2624ea225cbb,0.7292637465051258,0.7090684787933706,0.7040629288657971,0.7090684787933706,0.7046006060575793,0.8670681607723981,0.8845390513833639,0.7836285303973193,0.861578947368421,0.8207570819754324,2089,452,0.21637146960268072,91,0.043561512685495456,0.021202236719478098,D,modelo,desarrollo,69,,,,,,,,,,,,,,,,
2021,21448,3996,59884a8ccf437f401ddb72f4e24a89939dd62a977db9fc8d5b22a6f4ebeed342,0.7237237237237237,0.6851478339333189,0.6854906571805045,0.6851478339333189,0.6820717734100978,0.8632623601819319,0.8714001300850948,0.7099430018999366,0.8422238918106687,0.770446735395189,1579,458,0.29005699810006336,170,0.10766307789740343,0.04254254254254254,Base,modelo,desarrollo,37,,,,,,,,,,,,,,,,
2021,21448,3996,59884a8ccf437f401ddb72f4e24a89939dd62a977db9fc8d5b22a6f4ebeed342,0.7404904904904905,0.7003359240332637,0.6994448532873102,0.7003359240332637,0.698011865043021,0.871195121807039,0.8767242383042023,0.7422419252691577,0.8431654676258993,0.789491411249579,1579,407,0.2577580747308423,145,0.09183027232425586,0.03628628628628629,A,modelo,desarrollo,48,,,,,,,,,,,,,,,,
2021,21448,3996,59884a8ccf437f401ddb72f4e24a89939dd62a977db9fc8d5b22a6f4ebeed342,0.7397397397397397,0.6994581273738919,0.6986037710843817,0.6994581273738919,0.6971473233499355,0.8707761748401587,0.8768839753084195,0.74034198860038,0.8416126709863211,0.7877358490566038,1579,410,0.25965801139962,145,0.09183027232425586,0.03628628628628629,B,modelo,desarrollo,52,,,,,,,,,,,,,,,,
2021,21448,3996,59884a8ccf437f401ddb72f4e24a89939dd62a977db9fc8d5b22a6f4ebeed342,0.7374874874874875,0.6983250762133831,0.6971465434843913,0.6983250762133831,0.6954270576976259,0.8703867491640452,0.8786347946866959,0.7365421152628245,0.8445896877269427,0.786874154262517,1579,416,0.2634578847371754,136,0.08613046231792273,0.03403403403403404,C,modelo,desarrollo,59,,,,,,,,,,,,,,,,
2021,21448,3996,59884a8ccf437f401ddb72f4e24a89939dd62a977db9fc8d5b22a6f4ebeed342,0.741991991991992,0.7047139817550528,0.7023388203130448,0.7047139817550528,0.7015495895327827,0.8723277197559968,0.879984434506257,0.7422419252691577,0.839541547277937,0.7878991596638656,1579,407,0.2577580747308423,137,0.08676377454084863,0.03428428428428428,D,modelo,desarrollo,69,,,,,,,,,,,,,,,,
2022,25444,4397,66846d1234a195fff06ba43a9bb6caedfad324ff56de02551b50910156a0af17,0.7339094837389128,0.7069611005696795,0.7012558016422558,0.7069611005696795,0.7012873671885472,0.87058993174784,0.8769508590881115,0.7488151658767772,0.8281887012230634,0.7865044247787609,1899,477,0.25118483412322273,114,0.06003159557661927,0.02592676825108028,Base,modelo,desarrollo,37,,,,,,,,,,,,,,,,
2022,25444,4397,66846d1234a195fff06ba43a9bb6caedfad324ff56de02551b50910156a0af17,0.7320900614055037,0.7053301117827274,0.6995939276353758,0.7053301117827274,0.6994442833534308,0.869959485121507,0.8782775824130297,0.7488151658767772,0.836962919364332,0.7904391328515842,1899,477,0.25118483412322273,119,0.06266456029489205,0.027063907209460995,A,modelo,desarrollo,48,,,,,,,,,,,,,,,,
2022,25444,4397,66846d1234a195fff06ba43a9bb6caedfad324ff56de02551b50910156a0af17,0.7316352058221515,0.7050640776717435,0.6994530590264466,0.7050640776717435,0.6990606482733911,0.8699290234745646,0.877371511149561,0.7461822011585044,0.8364817001180638,0.7887559142777624,1899,482,0.2538177988414955,116,0.061084781463928386,0.026381623834432568,B,modelo,desarrollo,52,,,,,,,,,,,,,,,,
2022,25444,4397,66846d1234a195fff06ba43a9bb6caedfad324ff56de02551b50910156a0af17,0.7332272003638844,0.706880585129793,0.7013290557633883,0.706880585129793,0.701009863007215,0.870567185009211,0.8785947267061228,0.7525013164823592,0.8327505827505828,0.7905947441217152,1899,470,0.24749868351764087,113,0.05950500263296472,0.02569934045940414,C,modelo,desarrollo,59,,,,,,,,,,,,,,,,
2022,25444,4397,66846d1234a195fff06ba43a9bb6caedfad324ff56de02551b50910156a0af17,0.7298157834887423,0.7023918164208559,0.6976412845954297,0.7023918164208559,0.696872793412408,0.8690613665076926,0.8786819255795791,0.7519747235387045,0.8311990686845169,0.7896046447332042,1899,471,0.2480252764612954,110,0.057925223802001054,0.02501705708437571,D,modelo,desarrollo,69,,,,,,,,,,,,,,,,
2023,29841,4595,5452865fae7ed675f43ffdaa29d4ea8cf82c5b2d6cb2be755d295bc2ca8b3a69,0.7244831338411316,0.7042009303216759,0.6994539282578772,0.7042009303216759,0.6986044427473992,0.866482366617325,0.8742744892845663,0.7634703196347032,0.8614116434827409,0.8094892277898813,2190,518,0.2365296803652968,92,0.04200913242009133,0.02002176278563656,Base,modelo,desarrollo,37,,,,,,,,,,,,,,,,
2023,29841,4595,5452865fae7ed675f43ffdaa29d4ea8cf82c5b2d6cb2be755d295bc2ca8b3a69,0.724265505984766,0.7029067722831842,0.6984742172632887,0.7029067722831842,0.6976823249670837,0.8662313352642622,0.8765115912682927,0.7671232876712328,0.860655737704918,0.8112023177209077,2190,510,0.2328767123287671,96,0.043835616438356165,0.02089227421109902,A,modelo,desarrollo,48,,,,,,,,,,,,,,,,
2023,29841,4595,5452865fae7ed675f43ffdaa29d4ea8cf82c5b2d6cb2be755d295bc2ca8b3a69,0.7244831338411316,0.7037598408154371,0.6992654073961894,0.7037598408154371,0.6984469480205743,0.8661535216709467,0.8768267509274411,0.7675799086757991,0.8589678078691876,0.8107065348444659,2190,509,0.2324200913242009,97,0.04429223744292238,0.021109902067464634,B,modelo,desarrollo,52,,,,,,,,,,,,,,,,
2023,29841,4595,5452865fae7ed675f43ffdaa29d4ea8cf82c5b2d6cb2be755d295bc2ca8b3a69,0.7292709466811752,0.7076350580134814,0.7033120470153914,0.7076350580134814,0.7025949677883935,0.868529600069292,0.8790903446566368,0.776255707762557,0.8629441624365483,0.8173076923076923,2190,490,0.2237442922374429,94,0.042922374429223746,0.020457018498367792,C,modelo,desarrollo,59,,,,,,,,,,,,,,,,
2023,29841,4595,5452865fae7ed675f43ffdaa29d4ea8cf82c5b2d6cb2be755d295bc2ca8b3a69,0.7297062023939064,0.7095198005157051,0.7052373869412175,0.7095198005157051,0.7042343949480165,0.8686527222317869,0.8786453999583514,0.7726027397260274,0.8606307222787386,0.8142444658325313,2190,498,0.2273972602739726,92,0.04200913242009133,0.02002176278563656,D,modelo,desarrollo,69,,,,,,,,,,,,,,,,
2024,34436,4606,83cd35a1966faa825a6fb63e282b2e8be4075103e5367ba2002c818b9868d845,0.7359965262700825,0.725621121753042,0.723971795941987,0.725621121753042,0.7180530076575797,0.8740969768270008,0.8915980105560507,0.762076749435666,0.888421052631579,0.8204131227217498,2215,527,0.23792325056433408,69,0.031151241534988713,0.014980460269214069,Base,modelo,desarrollo,37,,,,,,,,,,,,,,,,
2024,34436,4606,83cd35a1966faa825a6fb63e282b2e8be4075103e5367ba2002c818b9868d845,0.7351280937907078,0.725451927804914,0.7272455720817123,0.725451927804914,0.7181557542312725,0.8737915971153538,0.8932028153914261,0.7634311512415349,0.8871983210912907,0.8206745935452561,2215,524,0.236568848758465,61,0.027539503386004513,0.013243595310464611,A,modelo,desarrollo,48,,,,,,,,,,,,,,,,
2024,34436,4606,83cd35a1966faa825a6fb63e282b2e8be4075103e5367ba2002c818b9868d845,0.737733391228832,0.7274326589664999,0.7280638931824832,0.7274326589664999,0.7202144969450487,0.8747912364283632,0.8935349982173383,0.7674943566591422,0.8868022952529995,0.8228460793804454,2215,515,0.2325056433408578,64,0.028893905191873587,0.013894919669995658,B,modelo,desarrollo,52,,,,,,,,,,,,,,,,
2024,34436,4606,83cd35a1966faa825a6fb63e282b2e8be4075103e5367ba2002c818b9868d845,0.7357794181502388,0.7231373432582447,0.7240322063420228,0.7231373432582447,0.7169727176398792,0.8733167904220521,0.895425022747273,0.7715575620767494,0.8813821557503868,0.8228213769860375,2215,506,0.22844243792325056,64,0.028893905191873587,0.013894919669995658,C,modelo,desarrollo,59,,,,,,,,,,,,,,,,
2024,34436,4606,83cd35a1966faa825a6fb63e282b2e8be4075103e5367ba2002c818b9868d845,0.7364307425097699,0.7239155787382439,0.7247138169281161,0.7239155787382439,0.7176027933890513,0.8738180741026055,0.895360548460021,0.7720090293453724,0.8837209302325582,0.8240963855421687,2215,505,0.22799097065462753,59,0.026636568848758466,0.012809379070777248,D,modelo,desarrollo,69,,,,,,,,,,,,,,,,
2018,9463,4292,9ed833ef2ca13459e0be1cc9a3797134fe3bd383cee7f256534e2624ea225cbb,0.7313606710158435,0.7122575546744709,0.707777307298806,0.7122575546744709,0.7077628938585944,0.8681007139532076,0.8834292431368732,0.7836285303973193,0.8620326487625066,0.820962888665998,2089,452,0.21637146960268072,89,0.04260411680229775,0.020736253494874183,sin_ratio_camas_disponibles,modelo,ablacion,68,0.002096924510717635,0.0031890758811002895,0.0037143784330088137,0.0031890758811002895,0.003162287801015018,0.0010325531808095256,-0.0011098082464906511,0.0,0.00045370139408562604,0.00020580669056557976,0.0,0.0,0.0,-2.0,-0.0009573958831977022,-0.000465983224603915
2021,21448,3996,59884a8ccf437f401ddb72f4e24a89939dd62a977db9fc8d5b22a6f4ebeed342,0.7407407407407407,0.7060364413501087,0.703155036441907,0.7060364413501087,0.7019144477189542,0.8723230013909681,0.8795147000609861,0.7352754908169727,0.8449781659388647,0.7863189976295293,1579,418,0.26472450918302726,136,0.08613046231792273,0.03403403403403404,sin_ratio_camas_disponibles,modelo,ablacion,68,-0.0012512512512512508,0.001322459595055836,0.0008162161288621794,0.001322459595055836,0.00036485818617149057,-4.718365028688609e-06,-0.00046973444527087516,-0.006966434452184922,0.005436618660927706,-0.0015801620343363076,0.0,11.0,0.0069664344521849775,-1.0,-0.000633312222925897,-0.0002502502502502446
2022,25444,4397,66846d1234a195fff06ba43a9bb6caedfad324ff56de02551b50910156a0af17,0.7289060723220377,0.701101901906461,0.6963401532947754,0.701101901906461,0.695597030908507,0.868630497384407,0.878554792364564,0.7472353870458136,0.8312829525483304,0.7870216306156407,1899,480,0.2527646129541864,111,0.05845181674565561,0.025244484876051854,sin_ratio_camas_disponibles,modelo,ablacion,68,-0.0009097111667045743,-0.0012899145143948632,-0.0013011313006543457,-0.0012899145143948632,-0.0012757625039010456,-0.00043086912328560434,-0.00012713321501511832,-0.004739336492890933,8.388386381352753e-05,-0.0025830141175635646,0.0,9.0,0.004739336492890989,1.0,0.0005265929436545566,0.00022742779167614358
2023,29841,4595,5452865fae7ed675f43ffdaa29d4ea8cf82c5b2d6cb2be755d295bc2ca8b3a69,0.7305767138193688,0.7092505175753586,0.7051617625530668,0.7092505175753586,0.7043629654616773,0.868832839616618,0.8792465695215524,0.7771689497716895,0.8595959595959596,0.8163069544364507,2190,488,0.2228310502283105,95,0.04337899543378995,0.020674646354733407,sin_ratio_camas_disponibles,modelo,ablacion,68,0.0008705114254624613,-0.0002692829403464492,-7.562438815067463e-05,-0.0002692829403464492,0.0001285705136607751,0.00018011738483103557,0.0006011695632009983,0.004566210045662045,-0.0010347626827790224,0.0020624886039194434,0.0,-10.0,-0.0045662100456621,3.0,0.0013698630136986245,0.000652883569096846
2024,34436,4606,83cd35a1966faa825a6fb63e282b2e8be4075103e5367ba2002c818b9868d845,0.7372991749891445,0.7256354338039305,0.7258056964695937,0.7256354338039305,0.7187691197850824,0.8746172033597556,0.8955874863465176,0.7702031602708803,0.888079125455492,0.8249516441005803,2215,509,0.22979683972911963,64,0.028893905191873587,0.013894919669995658,sin_ratio_camas_disponibles,modelo,ablacion,68,0.0008684324793746256,0.0017198550656866152,0.0010918795414776028,0.0017198550656866152,0.0011663263960310921,0.0007991292571500885,0.0002269378864966365,-0.0018058690744920947,0.004358195222933792,0.0008552585584116201,0.0,4.0,0.0018058690744920947,5.0,0.002257336343115122,0.0010855405992184104
2018,9463,4292,9ed833ef2ca13459e0be1cc9a3797134fe3bd383cee7f256534e2624ea225cbb,0.7234389561975769,0.7030714630918163,0.6989249568523133,0.7030714630918163,0.6988149257894406,0.8642710110020827,0.8836207951746388,0.7788415509813308,0.858575197889182,0.8167670682730924,2089,462,0.2211584490186692,91,0.043561512685495456,0.021202236719478098,sin_presion_ingresos_camas,modelo,ablacion,68,-0.005824790307548899,-0.005997015701554309,-0.005137972013483871,-0.005997015701554309,-0.005785680268138749,-0.0027971497703154213,-0.0009182562087250989,-0.00478697941598849,-0.003003749479238982,-0.003990013702339978,0.0,10.0,0.00478697941598849,0.0,0.0,0.0
2021,21448,3996,59884a8ccf437f401ddb72f4e24a89939dd62a977db9fc8d5b22a6f4ebeed342,0.7397397397397397,0.7044920039424668,0.7018288457182699,0.7044920039424668,0.7005158213417507,0.871796153002756,0.8797276277100954,0.7346421785940469,0.8442503639010189,0.7856417202844566,1579,419,0.26535782140595315,137,0.08676377454084863,0.03428428428428428,sin_presion_ingresos_camas,modelo,ablacion,68,-0.0022522522522522292,-0.00022197781258603833,-0.0005099745947749756,-0.00022197781258603833,-0.0010337681910319585,-0.0005315667532407309,-0.0002568067961615794,-0.007599746675110763,0.0047088166230819795,-0.002257439379409032,0.0,12.0,0.007599746675110874,0.0,0.0,0.0
2022,25444,4397,66846d1234a195fff06ba43a9bb6caedfad324ff56de02551b50910156a0af17,0.7291335001137139,0.7020636217972572,0.6971679325603217,0.7020636217972572,0.6963127622276589,0.868868537656004,0.8785528513114002,0.7467087941021591,0.8326482677627716,0.787340366463076,1899,481,0.253291205897841,112,0.05897840968931016,0.025471912667727997,sin_presion_ingresos_camas,modelo,ablacion,68,-0.000682283375028403,-0.00032819462359867657,-0.00047335203510801005,-0.00032819462359867657,-0.0005600311847491213,-0.00019282885168858677,-0.00012907426817898582,-0.005265929436545469,0.0014491990782546926,-0.002264278270128206,0.0,10.0,0.00526592943654558,2.0,0.0010531858873091063,0.00045485558335228715
2023,29841,4595,5452865fae7ed675f43ffdaa29d4ea8cf82c5b2d6cb2be755d295bc2ca8b3a69,0.731664853101197,0.7108910195514179,0.7058335997553223,0.7108910195514179,0.7055546320780484,0.8695304976836801,0.8795920716240252,0.7748858447488585,0.8622967479674797,0.8162578162578163,2190,493,0.22511415525114156,97,0.04429223744292238,0.021109902067464634,sin_presion_ingresos_camas,modelo,ablacion,68,0.001958650707290621,0.0013712190357128007,0.000596212814104824,0.0013712190357128007,0.0013202371300318205,0.0008777754518931591,0.0009466716656737484,0.0022831050228310223,0.0016660256887410796,0.0020133504252850543,0.0,-5.0,-0.00228310502283105,5.0,0.00228310502283105,0.0010881392818280732
2024,34436,4606,83cd35a1966faa825a6fb63e282b2e8be4075103e5367ba2002c818b9868d845,0.7372991749891445,0.7258618759556127,0.7262116503592408,0.7258618759556127,0.7189854895362565,0.8745494814693298,0.8952130722524679,0.7697516930022573,0.8870967741935484,0.824268793811941,2215,510,0.23024830699774265,63,0.028442437923250564,0.013677811550151976,sin_presion_ingresos_camas,modelo,ablacion,68,0.0008684324793746256,0.0019462972173688309,0.001497833431124751,0.0019462972173688309,0.001382696147205209,0.0007314073667242793,-0.00014747620755306556,-0.0022573363431150906,0.0033758439609902213,0.00017240826977227286,0.0,5.0,0.0022573363431151183,4.0,0.0018058690744920981,0.000868432479374728
2018,9463,4292,9ed833ef2ca13459e0be1cc9a3797134fe3bd383cee7f256534e2624ea225cbb,0.7260018639328985,0.7055604010128954,0.7004531108820591,0.7055604010128954,0.70127376804356,0.8648834676682079,0.8835852472933627,0.7802776448061274,0.8542976939203354,0.8156117087815863,2089,459,0.21972235519387268,92,0.0440402106270943,0.021435228331780055,sin_anio,modelo,ablacion,68,-0.0032618825722273703,-0.0035080777804752383,-0.0036098179837380506,-0.0035080777804752383,-0.00332683801401934,-0.0021846931041902273,-0.0009538040900011202,-0.003350885591191899,-0.007281253448085612,-0.0051453731938461145,0.0,7.0,0.0033508855911919544,1.0,0.00047869794159884765,0.0002329916123019575
2021,21448,3996,59884a8ccf437f401ddb72f4e24a89939dd62a977db9fc8d5b22a6f4ebeed342,0.7367367367367368,0.7094381610061774,0.7044147621233354,0.7094381610061774,0.7022054763430773,0.8729337489740973,0.8808780044902873,0.7352754908169727,0.8462099125364432,0.7868519146052186,1579,418,0.26472450918302726,108,0.06839772007599747,0.02702702702702703,sin_anio,modelo,ablacion,68,-0.005255255255255165,0.004724179251124561,0.0020759418102905824,0.004724179251124561,0.0006558868102946036,0.00060602921810049,0.0008935699840303402,-0.006966434452184922,0.006668365258506226,-0.0010472450586469506,0.0,11.0,0.0069664344521849775,-29.0,-0.018366054464851164,-0.007257257257257253
2022,25444,4397,66846d1234a195fff06ba43a9bb6caedfad324ff56de02551b50910156a0af17,0.7243575164885149,0.7019276415006906,0.6972738620960817,0.7019276415006906,0.6946258082954259,0.867571525696509,0.8787739598503549,0.7340705634544498,0.8322388059701492,0.7800783435926133,1899,505,0.2659294365455503,102,0.053712480252764615,0.02319763475096657,sin_anio,modelo,ablacion,68,-0.005458267000227446,-0.0004641749201652612,-0.00036742249934806903,-0.0004641749201652612,-0.002246985116982181,-0.0014898408111836403,9.203427077575377e-05,-0.017904160084254772,0.0010397372856323361,-0.009526301140590943,0.0,34.0,0.017904160084254883,-8.0,-0.004212743549236439,-0.0018194223334091417
2023,29841,4595,5452865fae7ed675f43ffdaa29d4ea8cf82c5b2d6cb2be755d295bc2ca8b3a69,0.724265505984766,0.7091347154950008,0.7064641316244614,0.7091347154950008,0.702462020255358,0.8671969119201218,0.8798516728480141,0.7566210045662101,0.8643714136671883,0.8069150231312393,2190,533,0.24337899543378996,88,0.04018264840182648,0.019151251360174103,sin_anio,modelo,ablacion,68,-0.005440696409140355,-0.00038508502070422335,0.0012267446832439077,-0.00038508502070422335,-0.0017723746926585626,-0.0014558103116650845,0.001206272889662685,-0.01598173515981738,0.0037406913884496795,-0.007329442701291988,0.0,35.0,0.01598173515981735,-4.0,-0.0018264840182648442,-0.0008705114254624578
2024,34436,4606,83cd35a1966faa825a6fb63e282b2e8be4075103e5367ba2002c818b9868d845,0.7357794181502388,0.7252871266644845,0.7267839815095806,0.7252871266644845,0.7182212105510031,0.874088466675918,0.8950244188831925,0.7661399548532731,0.8880167451596023,0.8225884634028114,2215,518,0.23386004514672687,61,0.027539503386004513,0.013243595310464611,sin_anio,modelo,ablacion,68,-0.0006513243595310803,0.0013715479262406127,0.002070164581464473,0.0013715479262406127,0.0006184171619517675,0.00027039257331251676,-0.0003361295768284922,-0.00586907449209928,0.004295814927044117,-0.0015079221393572428,0.0,13.0,0.005869074492099335,2.0,0.0009029345372460473,0.00043421623968736313
2018,9463,4292,9ed833ef2ca13459e0be1cc9a3797134fe3bd383cee7f256534e2624ea225cbb,0.7234389561975769,0.7017438569915718,0.6977503332987042,0.7017438569915718,0.697801562413004,0.864143875419014,0.8829978853720112,0.7831498324557205,0.8583420776495279,0.8190237797246559,2089,453,0.21685016754427955,92,0.0440402106270943,0.021435228331780055,sin_geograficas_bajo_aporte,modelo,ablacion,66,-0.005824790307548899,-0.007324621801798825,-0.00631259556709296,-0.007324621801798825,-0.006799043644575398,-0.0029242853533840707,-0.0015411660113526793,-0.00047869794159882684,-0.003236869718893143,-0.0017333022507765028,0.0,1.0,0.00047869794159882684,1.0,0.00047869794159884765,0.0002329916123019575
2021,21448,3996,59884a8ccf437f401ddb72f4e24a89939dd62a977db9fc8d5b22a6f4ebeed342,0.737987987987988,0.7043147060687082,0.7008856624103313,0.7043147060687082,0.6995444184034806,0.8718207364895952,0.8789357828219764,0.7346421785940469,0.8424110384894699,0.7848443843031123,1579,419,0.26535782140595315,123,0.077897403419886,0.03078078078078078,sin_geograficas_bajo_aporte,modelo,ablacion,66,-0.004004004004003914,-0.00039927568634468,-0.0014531579027134978,-0.00039927568634468,-0.002005171129302097,-0.0005069832664015284,-0.0010486516842805882,-0.007599746675110763,0.002869491211532904,-0.00305477536075327,0.0,12.0,0.007599746675110874,-14.0,-0.008866371120962627,-0.003503503503503501
2022,25444,4397,66846d1234a195fff06ba43a9bb6caedfad324ff56de02551b50910156a0af17,0.7279963611553332,0.7012993373597696,0.6961551900342539,0.7012993373597696,0.6953454803077467,0.8683033739633795,0.8766467073472297,0.741969457609268,0.8332347723240686,0.784958217270195,1899,490,0.258030542390732,116,0.061084781463928386,0.026381623834432568,sin_geograficas_bajo_aporte,modelo,ablacion,66,-0.0018194223334091486,-0.0010924790610863377,-0.001486094561175877,-0.0010924790610863377,-0.0015273131046613653,-0.0007579925443130797,-0.002035218232349423,-0.010005265929436513,0.0020357036395517447,-0.004646427463009251,0.0,19.0,0.010005265929436569,6.0,0.0031595576619273327,0.001364566750056858
2023,29841,4595,5452865fae7ed675f43ffdaa29d4ea8cf82c5b2d6cb2be755d295bc2ca8b3a69,0.7247007616974973,0.703559922024076,0.6997147230245675,0.703559922024076,0.6985731962885975,0.8661403723818721,0.8787200577963593,0.7703196347031963,0.8576512455516014,0.8116430117873467,2190,503,0.22968036529680366,95,0.04337899543378995,0.020674646354733407,sin_geograficas_bajo_aporte,modelo,ablacion,66,-0.005005440696409069,-0.005959878491629045,-0.005522663916650017,-0.005959878491629045,-0.005661198659419053,-0.0025123498499147745,7.46578380078633e-05,-0.0022831050228311334,-0.0029794767271371647,-0.002601454045184637,0.0,5.0,0.00228310502283105,3.0,0.0013698630136986245,0.000652883569096846
2024,34436,4606,83cd35a1966faa825a6fb63e282b2e8be4075103e5367ba2002c818b9868d845,0.7381676074685193,0.7269539846308412,0.72776916181842,0.7269539846308412,0.7201382727584505,0.8749339917885536,0.8947051834805307,0.7702031602708803,0.8866943866943867,0.8243537086252718,2215,509,0.22979683972911963,62,0.02799097065462754,0.013460703430308293,sin_geograficas_bajo_aporte,modelo,ablacion,66,0.0017368649587493623,0.0030384058925972957,0.0030553448903039016,0.0030384058925972957,0.0025354793693992406,0.001115917685948098,-0.0006553649794902583,-0.0018058690744920947,0.002973456461828561,0.00025732308310311147,0.0,4.0,0.0018058690744920947,3.0,0.0013544018058690745,0.0006513243595310456
2025,39042,4942,a5f96ba2627c8a10afab8a8ee390db431a8e9d135db0850e95b30dd3991c66ef,0.7606232294617564,0.7535381532758763,0.7511422780102622,0.7535381532758763,0.744950793593847,0.8862033750609225,0.9106909571023701,0.7741371778069026,0.8873309964947421,0.8268782081194587,2289,517,0.22586282219309742,63,0.027522935779816515,0.012747875354107648,Base,modelo,comprobacion_2025,37,,,,,,,,,,,,,,,,
2025,39042,4942,a5f96ba2627c8a10afab8a8ee390db431a8e9d135db0850e95b30dd3991c66ef,0.7612302711452853,0.7519571865953831,0.7493885259139837,0.7519571865953831,0.7447115572783648,0.8851594978580772,0.912323910721382,0.781127129750983,0.8734733756717147,0.8247232472324723,2289,501,0.21887287024901703,70,0.03058103975535168,0.014164305949008499,Seleccionado_D,modelo,comprobacion_2025,69,,,,,,,,,,,,,,,,
