configuracion,anio_prueba,n_train,n_test,test_sha256,accuracy,balanced_accuracy,precision_macro,recall_macro,f1_macro,specificity_macro,roc_auc_ovr_macro,recall_alto,precision_alto,f1_alto,casos_alto_reales,falsos_negativos_alto,tasa_falsos_negativos_alto,errores_alto_bajo,proporcion_alto_bajo,proporcion_alto_bajo_total
base__balanceado,2018,9463,4292,9ed833ef2ca13459e0be1cc9a3797134fe3bd383cee7f256534e2624ea225cbb,0.7204100652376515,0.7022096454833945,0.6961917405917889,0.7022096454833945,0.6966983969060062,0.8633429815566164,0.8800065170899475,0.7678314983245572,0.8614393125671321,0.8119463426980512,2089,485,0.23216850167544278,102,0.048827190043082815,0.023765144454799627
base__alto_1.1,2018,9463,4292,9ed833ef2ca13459e0be1cc9a3797134fe3bd383cee7f256534e2624ea225cbb,0.723205964585275,0.6776527599223673,0.6831268449291926,0.6776527599223673,0.6786152444529628,0.854200606762002,0.8807412629124491,0.8472953566299665,0.7912382655341976,0.8183079056865464,2089,319,0.1527046433700335,94,0.044997606510292006,0.02190121155638397
base__alto_1.2,2018,9463,4292,9ed833ef2ca13459e0be1cc9a3797134fe3bd383cee7f256534e2624ea225cbb,0.7215750232991612,0.674049103867116,0.6825130763015176,0.674049103867116,0.6759371391996664,0.8520136756602841,0.8814337885511335,0.852082336045955,0.781387181738367,0.815204946187314,2089,309,0.147917663954045,93,0.04451890856869316,0.021668219944082013
base__alto_1.3,2018,9463,4292,9ed833ef2ca13459e0be1cc9a3797134fe3bd383cee7f256534e2624ea225cbb,0.7220410065237651,0.6693804975257515,0.6829971265897505,0.6693804975257515,0.6716892299277476,0.8502292234528249,0.8810108884465441,0.8678793681187171,0.7711612079965972,0.8166666666666668,2089,276,0.13212063188128292,96,0.04595500239348971,0.022367194780987885
base__alto_1.5,2018,9463,4292,9ed833ef2ca13459e0be1cc9a3797134fe3bd383cee7f256534e2624ea225cbb,0.71784715750233,0.6603676715345643,0.678166164362268,0.6603676715345643,0.6623777018291364,0.8459646146739505,0.879816766504038,0.8769746290090953,0.7570247933884298,0.8125970281658904,2089,257,0.12302537099090474,87,0.04164672091910005,0.02027027027027027
regularizado__balanceado,2018,9463,4292,9ed833ef2ca13459e0be1cc9a3797134fe3bd383cee7f256534e2624ea225cbb,0.7262348555452004,0.7088683571165967,0.7036188000432407,0.7088683571165967,0.703414343013562,0.8664392315234052,0.878129524089038,0.7726184777405457,0.8663446054750402,0.8168016194331984,2089,475,0.2273815222594543,91,0.043561512685495456,0.021202236719478098
regularizado__alto_1.1,2018,9463,4292,9ed833ef2ca13459e0be1cc9a3797134fe3bd383cee7f256534e2624ea225cbb,0.722972972972973,0.6759703438090062,0.683296365637671,0.6759703438090062,0.6776149913867586,0.8534059085260673,0.8796928289830648,0.852082336045955,0.7869142351900973,0.8182027120202252,2089,309,0.147917663954045,87,0.04164672091910005,0.02027027027027027
regularizado__alto_1.2,2018,9463,4292,9ed833ef2ca13459e0be1cc9a3797134fe3bd383cee7f256534e2624ea225cbb,0.7241379310344828,0.6733505495371861,0.684696432300209,0.6733505495371861,0.6753215209913485,0.8522296625699758,0.880176205139529,0.8640497845859263,0.7776820336062042,0.8185941043083901,2089,284,0.13595021541407373,90,0.0430828147438966,0.02096924510717614
regularizado__alto_1.3,2018,9463,4292,9ed833ef2ca13459e0be1cc9a3797134fe3bd383cee7f256534e2624ea225cbb,0.7241379310344828,0.6703110373236428,0.6850617714843413,0.6703110373236428,0.6727708373465783,0.8510682714446357,0.8800867530533963,0.8736237434179033,0.7716701902748414,0.8194881005837449,2089,264,0.1263762565820967,87,0.04164672091910005,0.02027027027027027
regularizado__alto_1.5,2018,9463,4292,9ed833ef2ca13459e0be1cc9a3797134fe3bd383cee7f256534e2624ea225cbb,0.722739981360671,0.6624649410442448,0.6852761908188617,0.6624649410442448,0.6649260917382246,0.8474355628809042,0.8796615698110081,0.8908568693154619,0.7555826228177019,0.8176625659050967,2089,228,0.10914313068453806,83,0.03973192915270465,0.01933830382106244
profundo__balanceado,2018,9463,4292,9ed833ef2ca13459e0be1cc9a3797134fe3bd383cee7f256534e2624ea225cbb,0.7241379310344828,0.7050257471711254,0.69958871730588,0.7050257471711254,0.7000878382693075,0.8647296671552134,0.8793727024177844,0.77501196744854,0.859798194370685,0.8152064451158106,2089,470,0.22498803255146002,99,0.047391096218286265,0.023066169617893754
profundo__alto_1.1,2018,9463,4292,9ed833ef2ca13459e0be1cc9a3797134fe3bd383cee7f256534e2624ea225cbb,0.7197110904007455,0.6736008161483046,0.6787149116567583,0.6736008161483046,0.6742889382091649,0.8521404165782385,0.8799559735593357,0.8444231689803734,0.7867975022301517,0.8145924728700069,2089,325,0.1555768310196266,93,0.04451890856869316,0.021668219944082013
profundo__alto_1.2,2018,9463,4292,9ed833ef2ca13459e0be1cc9a3797134fe3bd383cee7f256534e2624ea225cbb,0.7206430568499534,0.6714153498609793,0.6805342702481108,0.6714153498609793,0.673082826836028,0.8510119706186335,0.8807351311810976,0.855433221637147,0.7779712668698302,0.8148654810761514,2089,302,0.14456677836285303,91,0.043561512685495456,0.021202236719478098
profundo__alto_1.3,2018,9463,4292,9ed833ef2ca13459e0be1cc9a3797134fe3bd383cee7f256534e2624ea225cbb,0.7194780987884436,0.6675369318017662,0.6787348918317484,0.6675369318017662,0.6689969038451475,0.8492969999542065,0.8801060323610651,0.861656294877932,0.7712082262210797,0.8139271987338911,2089,289,0.13834370512206798,91,0.043561512685495456,0.021202236719478098
profundo__alto_1.5,2018,9463,4292,9ed833ef2ca13459e0be1cc9a3797134fe3bd383cee7f256534e2624ea225cbb,0.7187791239515378,0.6614169614933658,0.680919278158089,0.6614169614933658,0.6637250468194612,0.8459367938625473,0.8807822605025236,0.8774533269506941,0.754320987654321,0.8112414250940475,2089,256,0.12254667304930589,89,0.04260411680229775,0.020736253494874183
Persistencia,2018,9463,4292,9ed833ef2ca13459e0be1cc9a3797134fe3bd383cee7f256534e2624ea225cbb,0.7101584342963654,0.6758111451237472,0.6760143999805015,0.6758111451237472,0.6759117076526912,0.8514041510025248,,0.8051699377692676,0.8047846889952153,0.804977267288825,2089,407,0.1948300622307324,110,0.052656773575873624,0.025629077353215284
base__balanceado,2021,21448,3996,59884a8ccf437f401ddb72f4e24a89939dd62a977db9fc8d5b22a6f4ebeed342,0.7237237237237237,0.6851478339333189,0.6854906571805045,0.6851478339333189,0.6820717734100978,0.8632623601819319,0.8714001300850948,0.7099430018999366,0.8422238918106687,0.770446735395189,1579,458,0.29005699810006336,170,0.10766307789740343,0.04254254254254254
base__alto_1.1,2021,21448,3996,59884a8ccf437f401ddb72f4e24a89939dd62a977db9fc8d5b22a6f4ebeed342,0.736986986986987,0.6568781691413458,0.6790455687402068,0.6568781691413458,0.6570837608751926,0.8602169514948423,0.87151691785062,0.8214059531348955,0.769276393831554,0.7944869831546707,1579,282,0.1785940468651045,175,0.11082963901203294,0.04379379379379379
base__alto_1.2,2021,21448,3996,59884a8ccf437f401ddb72f4e24a89939dd62a977db9fc8d5b22a6f4ebeed342,0.7422422422422422,0.6604337135528352,0.6867088278151231,0.6604337135528352,0.6603966207735886,0.8625493684469184,0.8718792027556889,0.8404053198226725,0.7617680826636051,0.7991568804576934,1579,252,0.15959468017732742,161,0.1019632678910703,0.04029029029029029
base__alto_1.3,2021,21448,3996,59884a8ccf437f401ddb72f4e24a89939dd62a977db9fc8d5b22a6f4ebeed342,0.742992992992993,0.6579890246987546,0.689577687386827,0.6579890246987546,0.6569273423815067,0.8621569654324329,0.8722816618618608,0.8480050664977834,0.7577815506508206,0.8003586371787209,1579,240,0.1519949335022166,160,0.1013299556681444,0.04004004004004004
base__alto_1.5,2021,21448,3996,59884a8ccf437f401ddb72f4e24a89939dd62a977db9fc8d5b22a6f4ebeed342,0.7414914914914915,0.6521781775795991,0.6884737799023514,0.6521781775795991,0.6486794844306173,0.8607918127091874,0.8725078681355706,0.863837872070931,0.7372972972972973,0.7955672207640713,1579,215,0.13616212792906904,145,0.09183027232425586,0.03628628628628629
regularizado__balanceado,2021,21448,3996,59884a8ccf437f401ddb72f4e24a89939dd62a977db9fc8d5b22a6f4ebeed342,0.7297297297297297,0.6970592109148362,0.6960266476235805,0.6970592109148362,0.6918905005012986,0.8679469518326052,0.8738591362049438,0.7112096263457884,0.8579067990832697,0.7777008310249308,1579,456,0.2887903736542115,147,0.09309689677010766,0.03678678678678678
regularizado__alto_1.1,2021,21448,3996,59884a8ccf437f401ddb72f4e24a89939dd62a977db9fc8d5b22a6f4ebeed342,0.7434934934934935,0.6658112602938563,0.6871532014787757,0.6658112602938563,0.6670421356527786,0.8641273784163866,0.8749643756814444,0.8252058264724509,0.7783751493428913,0.8011066707654472,1579,276,0.17479417352754908,166,0.10512982900569981,0.04154154154154154
regularizado__alto_1.2,2021,21448,3996,59884a8ccf437f401ddb72f4e24a89939dd62a977db9fc8d5b22a6f4ebeed342,0.7442442442442443,0.6627222706609195,0.689256777413079,0.6627222706609195,0.6629875103904924,0.8636318208221226,0.8750305693928588,0.8378720709309689,0.7665121668597914,0.8006051437216338,1579,256,0.16212792906903103,160,0.1013299556681444,0.04004004004004004
regularizado__alto_1.3,2021,21448,3996,59884a8ccf437f401ddb72f4e24a89939dd62a977db9fc8d5b22a6f4ebeed342,0.7434934934934935,0.6599115716649789,0.6869592364041973,0.6599115716649789,0.6590817508501485,0.8630953414760741,0.875654809090532,0.8511716276124129,0.7580372250423012,0.801909307875895,1579,235,0.1488283723875871,148,0.09373020899303357,0.037037037037037035
regularizado__alto_1.5,2021,21448,3996,59884a8ccf437f401ddb72f4e24a89939dd62a977db9fc8d5b22a6f4ebeed342,0.741991991991992,0.6522005693858062,0.6884599144516793,0.6522005693858062,0.6483180473369341,0.8610272042817128,0.8753819271819961,0.87017099430019,0.7395048439181916,0.799534477742217,1579,205,0.12982900569981,141,0.08929702343255225,0.03528528528528529
profundo__balanceado,2021,21448,3996,59884a8ccf437f401ddb72f4e24a89939dd62a977db9fc8d5b22a6f4ebeed342,0.7254754754754755,0.6879475962101225,0.6880581474847741,0.6879475962101225,0.6846081308227864,0.8639355502357372,0.8722574457182244,0.7061431285623813,0.8421450151057401,0.7681708577333793,1579,464,0.29385687143761874,173,0.10956301456618113,0.043293293293293296
profundo__alto_1.1,2021,21448,3996,59884a8ccf437f401ddb72f4e24a89939dd62a977db9fc8d5b22a6f4ebeed342,0.7414914914914915,0.6627000973459519,0.6867907191651047,0.6627000973459519,0.6637781795512286,0.862550569751298,0.8722072782677568,0.8226725775807473,0.7695497630331753,0.795224977043159,1579,280,0.1773274224192527,171,0.10829639012032932,0.04279279279279279
profundo__alto_1.2,2021,21448,3996,59884a8ccf437f401ddb72f4e24a89939dd62a977db9fc8d5b22a6f4ebeed342,0.73998998998999,0.6544666939949565,0.6816271909467445,0.6544666939949565,0.65271885376787,0.8609286354805535,0.8720932743773147,0.8397720075997467,0.7590154550658271,0.7973541791942272,1579,253,0.16022799240025332,161,0.1019632678910703,0.04029029029029029
profundo__alto_1.3,2021,21448,3996,59884a8ccf437f401ddb72f4e24a89939dd62a977db9fc8d5b22a6f4ebeed342,0.7417417417417418,0.6547888647307482,0.6862766067717999,0.6547888647307482,0.6526192592481505,0.8613982173212246,0.8718348493795559,0.8480050664977834,0.7514029180695847,0.79678667063374,1579,240,0.1519949335022166,158,0.10006333122229259,0.03953953953953954
profundo__alto_1.5,2021,21448,3996,59884a8ccf437f401ddb72f4e24a89939dd62a977db9fc8d5b22a6f4ebeed342,0.737987987987988,0.6466782646004048,0.6855364252887962,0.6466782646004048,0.6417868582291005,0.8584358762999225,0.8722494417519474,0.863204559848005,0.7331898870360409,0.7929028504944735,1579,216,0.13679544015199493,151,0.09563014566181127,0.03778778778778779
Persistencia,2021,21448,3996,59884a8ccf437f401ddb72f4e24a89939dd62a977db9fc8d5b22a6f4ebeed342,0.7464964964964965,0.6971804735527457,0.6970185067529041,0.6971804735527457,0.6970795986233412,0.8728452607351559,,0.7903736542115263,0.8010269576379975,0.7956646477526299,1579,331,0.20962634578847372,111,0.07029765674477517,0.027777777777777776
base__balanceado,2022,25444,4397,66846d1234a195fff06ba43a9bb6caedfad324ff56de02551b50910156a0af17,0.7339094837389128,0.7069611005696795,0.7012558016422558,0.7069611005696795,0.7012873671885472,0.87058993174784,0.8769508590881115,0.7488151658767772,0.8281887012230634,0.7865044247787609,1899,477,0.25118483412322273,114,0.06003159557661927,0.02592676825108028
base__alto_1.1,2022,25444,4397,66846d1234a195fff06ba43a9bb6caedfad324ff56de02551b50910156a0af17,0.7539231294064135,0.6891167867590088,0.707454339413942,0.6891167867590088,0.6918200674896987,0.8706115196890091,0.8778327519394958,0.8478146392838336,0.782312925170068,0.8137477887288348,1899,289,0.1521853607161664,136,0.07161664033701948,0.030930179667955426
base__alto_1.2,2022,25444,4397,66846d1234a195fff06ba43a9bb6caedfad324ff56de02551b50910156a0af17,0.7521037070730043,0.6833441348881966,0.7070476024973574,0.6833441348881966,0.6858922724932718,0.8684622968202601,0.878370787335839,0.8536071616640337,0.7697056030389364,0.8094881398252186,1899,278,0.1463928383359663,138,0.07266982622432859,0.03138503525130771
base__alto_1.3,2022,25444,4397,66846d1234a195fff06ba43a9bb6caedfad324ff56de02551b50910156a0af17,0.7523311348646805,0.6813804357072423,0.7091867810189737,0.6813804357072423,0.6842179324224208,0.8678686625059173,0.8780919325664587,0.8667719852553976,0.7634508348794063,0.8118372379778052,1899,253,0.1332280147446024,133,0.07003686150605581,0.030247896292926995
base__alto_1.5,2022,25444,4397,66846d1234a195fff06ba43a9bb6caedfad324ff56de02551b50910156a0af17,0.7498294291562428,0.6707534497047739,0.7077447150414077,0.6707534497047739,0.6714884772669231,0.8648896730122585,0.8772683154980054,0.8836229594523434,0.7487728692547969,0.8106280193236716,1899,221,0.11637704054765666,126,0.06635071090047394,0.028655901751193997
regularizado__balanceado,2022,25444,4397,66846d1234a195fff06ba43a9bb6caedfad324ff56de02551b50910156a0af17,0.7266317944052764,0.704825274029497,0.6993655732294882,0.704825274029497,0.6970350580178656,0.8687468900613898,0.8754219700178946,0.7282780410742496,0.8371670702179177,0.7789355111236271,1899,516,0.2717219589257504,111,0.05845181674565561,0.025244484876051854
regularizado__alto_1.1,2022,25444,4397,66846d1234a195fff06ba43a9bb6caedfad324ff56de02551b50910156a0af17,0.7457357289060723,0.6787089914002732,0.6928197830000485,0.6787089914002732,0.679850699622527,0.8669242246397307,0.8757266432366664,0.8404423380726699,0.7823529411764706,0.8103579588728105,1899,303,0.15955766192733017,141,0.07424960505529225,0.03206731862633614
regularizado__alto_1.2,2022,25444,4397,66846d1234a195fff06ba43a9bb6caedfad324ff56de02551b50910156a0af17,0.7480100068228337,0.677007776785484,0.697313518263239,0.677007776785484,0.6782451921276835,0.8667865951988376,0.8752627585093951,0.855713533438652,0.7738095238095238,0.8127031757939486,1899,274,0.14428646656134808,141,0.07424960505529225,0.03206731862633614
regularizado__alto_1.3,2022,25444,4397,66846d1234a195fff06ba43a9bb6caedfad324ff56de02551b50910156a0af17,0.743688878780987,0.6681496411887329,0.6920756809916856,0.6681496411887329,0.6683926071839704,0.8634068043984685,0.8751714353105401,0.8636124275934702,0.758206195099399,0.8074839980305268,1899,259,0.13638757240652974,137,0.07214323328067404,0.031157607459631566
regularizado__alto_1.5,2022,25444,4397,66846d1234a195fff06ba43a9bb6caedfad324ff56de02551b50910156a0af17,0.7441437343643393,0.6627262748285291,0.6966230606126098,0.6627262748285291,0.6616104023444375,0.8619031717593856,0.8745899889359371,0.880463401790416,0.7447661469933184,0.806949806949807,1899,227,0.119536598209584,130,0.06845708267509215,0.029565612917898568
profundo__balanceado,2022,25444,4397,66846d1234a195fff06ba43a9bb6caedfad324ff56de02551b50910156a0af17,0.7368660450307027,0.7100452146363306,0.7039670625477509,0.7100452146363306,0.7042245018626535,0.8720746252584656,0.8770332883248838,0.7509215376513955,0.8344060854300761,0.7904656319290465,1899,473,0.24907846234860453,120,0.0631911532385466,0.02729133500113714
profundo__alto_1.1,2022,25444,4397,66846d1234a195fff06ba43a9bb6caedfad324ff56de02551b50910156a0af17,0.7527859904480327,0.6872422244073699,0.7034738560810588,0.6872422244073699,0.6893244765097298,0.870412883890037,0.8773603107344871,0.8467614533965245,0.7855398143624817,0.8150025342118601,1899,291,0.15323854660347552,133,0.07003686150605581,0.030247896292926995
profundo__alto_1.2,2022,25444,4397,66846d1234a195fff06ba43a9bb6caedfad324ff56de02551b50910156a0af17,0.7539231294064135,0.6866004845432839,0.7085914442555316,0.6866004845432839,0.6895662758867811,0.8697815540709436,0.8777262828174827,0.8572933122696156,0.7722960151802657,0.8125779885200899,1899,271,0.14270668773038442,130,0.06845708267509215,0.029565612917898568
profundo__alto_1.3,2022,25444,4397,66846d1234a195fff06ba43a9bb6caedfad324ff56de02551b50910156a0af17,0.750056856947919,0.6773922498508438,0.704474720132668,0.6773922498508438,0.6793682421649391,0.86664990746202,0.877506363154951,0.8657187993680885,0.7621696801112656,0.8106508875739645,1899,255,0.13428120063191154,134,0.07056345444971038,0.03047532408460314
profundo__alto_1.5,2022,25444,4397,66846d1234a195fff06ba43a9bb6caedfad324ff56de02551b50910156a0af17,0.7518762792813282,0.6749185362016784,0.7101082721113077,0.6749185362016784,0.6764751607801308,0.8663772161879891,0.8777060728469896,0.8809899947340706,0.7539432176656151,0.8125303545410394,1899,226,0.11901000526592943,129,0.0679304897314376,0.029338185126222424
Persistencia,2022,25444,4397,66846d1234a195fff06ba43a9bb6caedfad324ff56de02551b50910156a0af17,0.7302706390720947,0.6824646180665237,0.6823221520975421,0.6824646180665237,0.6823674945811606,0.8642283467385212,,0.7909426013691416,0.7963944856839873,0.793659180977543,1899,397,0.20905739863085834,126,0.06635071090047394,0.028655901751193997
base__balanceado,2023,29841,4595,5452865fae7ed675f43ffdaa29d4ea8cf82c5b2d6cb2be755d295bc2ca8b3a69,0.7244831338411316,0.7042009303216759,0.6994539282578772,0.7042009303216759,0.6986044427473992,0.866482366617325,0.8742744892845663,0.7634703196347032,0.8614116434827409,0.8094892277898813,2190,518,0.2365296803652968,92,0.04200913242009133,0.02002176278563656
base__alto_1.1,2023,29841,4595,5452865fae7ed675f43ffdaa29d4ea8cf82c5b2d6cb2be755d295bc2ca8b3a69,0.7349292709466811,0.6722814783139798,0.685360211800717,0.6722814783139798,0.6692947808583615,0.8585599538913131,0.8758466503033427,0.8726027397260274,0.7864197530864198,0.8272727272727274,2190,279,0.1273972602739726,123,0.056164383561643834,0.02676822633297062
base__alto_1.2,2023,29841,4595,5452865fae7ed675f43ffdaa29d4ea8cf82c5b2d6cb2be755d295bc2ca8b3a69,0.7338411316648531,0.667658585771776,0.6835985660661418,0.667658585771776,0.6636835983260809,0.8567502236995832,0.8757266477638997,0.8799086757990867,0.7779572062979411,0.8257981572744804,2190,263,0.12009132420091324,118,0.053881278538812784,0.025680087051142546
base__alto_1.3,2023,29841,4595,5452865fae7ed675f43ffdaa29d4ea8cf82c5b2d6cb2be755d295bc2ca8b3a69,0.7321001088139282,0.661261905805354,0.6823316679313723,0.661261905805354,0.6559028139133178,0.8539424448875773,0.8754417566831335,0.8899543378995434,0.7652139772281115,0.8228836816550559,2190,241,0.11004566210045662,113,0.051598173515981734,0.024591947769314473
base__alto_1.5,2023,29841,4595,5452865fae7ed675f43ffdaa29d4ea8cf82c5b2d6cb2be755d295bc2ca8b3a69,0.7292709466811752,0.6539272804211215,0.6798949595307743,0.6539272804211215,0.647110689275184,0.8507489555608686,0.8753845338388313,0.9,0.7537284894837476,0.8203954214360042,2190,219,0.1,111,0.050684931506849315,0.024156692056583242
regularizado__balanceado,2023,29841,4595,5452865fae7ed675f43ffdaa29d4ea8cf82c5b2d6cb2be755d295bc2ca8b3a69,0.7240478781284004,0.7087237534854974,0.7037598008708504,0.7087237534854974,0.701444121788525,0.8673580193139228,0.8750796806342094,0.7506849315068493,0.86892177589852,0.8054875061244487,2190,546,0.2493150684931507,94,0.042922374429223746,0.020457018498367792
regularizado__alto_1.1,2023,29841,4595,5452865fae7ed675f43ffdaa29d4ea8cf82c5b2d6cb2be755d295bc2ca8b3a69,0.7362350380848749,0.6747743708112846,0.6859970642964296,0.6747743708112846,0.6719934652621454,0.860110117596963,0.8756911937586532,0.871689497716895,0.7937629937629938,0.8309031556039173,2190,281,0.12831050228310503,123,0.056164383561643834,0.02676822633297062
regularizado__alto_1.2,2023,29841,4595,5452865fae7ed675f43ffdaa29d4ea8cf82c5b2d6cb2be755d295bc2ca8b3a69,0.7331882480957562,0.6679038433144511,0.6824714441765526,0.6679038433144511,0.6640683775439782,0.8568712332650671,0.8757861439031803,0.8771689497716895,0.7805770012190166,0.8260589120619222,2190,269,0.1228310502283105,125,0.05707762557077625,0.02720348204570185
regularizado__alto_1.3,2023,29841,4595,5452865fae7ed675f43ffdaa29d4ea8cf82c5b2d6cb2be755d295bc2ca8b3a69,0.7338411316648531,0.6654636474111929,0.6831487505301087,0.6654636474111929,0.6609524799188892,0.8562504032444803,0.8758831826873017,0.8863013698630137,0.7757793764988009,0.8273657289002557,2190,249,0.1136986301369863,119,0.054337899543379,0.02589771490750816
regularizado__alto_1.5,2023,29841,4595,5452865fae7ed675f43ffdaa29d4ea8cf82c5b2d6cb2be755d295bc2ca8b3a69,0.7299238302502721,0.6528045899430187,0.67933826876465,0.6528045899430187,0.6443159169744744,0.8511501872696806,0.8758806631961765,0.9045662100456621,0.7563955708285606,0.8238719068413393,2190,209,0.0954337899543379,115,0.05251141552511415,0.025027203482045703
profundo__balanceado,2023,29841,4595,5452865fae7ed675f43ffdaa29d4ea8cf82c5b2d6cb2be755d295bc2ca8b3a69,0.726006528835691,0.7048283408756236,0.699436466068962,0.7048283408756236,0.6992736739853823,0.8670721644079776,0.875408509885225,0.7666666666666667,0.8623523369286081,0.8116992990089438,2190,511,0.23333333333333334,93,0.04246575342465753,0.020239390642002177
profundo__alto_1.1,2023,29841,4595,5452865fae7ed675f43ffdaa29d4ea8cf82c5b2d6cb2be755d295bc2ca8b3a69,0.7364526659412405,0.6733472663301378,0.6857049364486709,0.6733472663301378,0.6702927457566176,0.8594800592642616,0.8767683927114963,0.8753424657534247,0.7882401315789473,0.8295110341843358,2190,273,0.12465753424657534,117,0.05342465753424658,0.02546245919477693
profundo__alto_1.2,2023,29841,4595,5452865fae7ed675f43ffdaa29d4ea8cf82c5b2d6cb2be755d295bc2ca8b3a69,0.7357997823721436,0.6694675042586921,0.685418064514928,0.6694675042586921,0.6657496292385122,0.8577765538410075,0.8763776150673023,0.882648401826484,0.7791213220475615,0.8276600299721687,2190,257,0.11735159817351598,113,0.051598173515981734,0.024591947769314473
profundo__alto_1.3,2023,29841,4595,5452865fae7ed675f43ffdaa29d4ea8cf82c5b2d6cb2be755d295bc2ca8b3a69,0.7340587595212187,0.6646511527914495,0.6848548389827038,0.6646511527914495,0.6598435464895865,0.8554863589292364,0.8767928996055363,0.8881278538812786,0.7696873763355758,0.8246767012931949,2190,245,0.11187214611872145,113,0.051598173515981734,0.024591947769314473
profundo__alto_1.5,2023,29841,4595,5452865fae7ed675f43ffdaa29d4ea8cf82c5b2d6cb2be755d295bc2ca8b3a69,0.7323177366702938,0.6572877371707411,0.6849239960700952,0.6572877371707411,0.6508484615662179,0.8524167281621237,0.876797963313478,0.902283105022831,0.7565084226646248,0.8229904206580592,2190,214,0.09771689497716896,111,0.050684931506849315,0.024156692056583242
Persistencia,2023,29841,4595,5452865fae7ed675f43ffdaa29d4ea8cf82c5b2d6cb2be755d295bc2ca8b3a69,0.7244831338411316,0.6848889306046807,0.6846029797038743,0.6848889306046807,0.6847443925711406,0.8602366413231689,,0.815068493150685,0.8165599268069533,0.8158135283363802,2190,405,0.18493150684931506,104,0.047488584474885846,0.022633297062023938
base__balanceado,2024,34436,4606,83cd35a1966faa825a6fb63e282b2e8be4075103e5367ba2002c818b9868d845,0.7359965262700825,0.725621121753042,0.723971795941987,0.725621121753042,0.7180530076575797,0.8740969768270008,0.8915980105560507,0.762076749435666,0.888421052631579,0.8204131227217498,2215,527,0.23792325056433408,69,0.031151241534988713,0.014980460269214069
base__alto_1.1,2024,34436,4606,83cd35a1966faa825a6fb63e282b2e8be4075103e5367ba2002c818b9868d845,0.7470690403821103,0.6969217754311683,0.7032681584777395,0.6969217754311683,0.6966481299861286,0.8677403308327175,0.8925212043827933,0.873589164785553,0.8147368421052632,0.8431372549019608,2215,280,0.12641083521444696,93,0.04198645598194131,0.02019105514546244
base__alto_1.2,2024,34436,4606,83cd35a1966faa825a6fb63e282b2e8be4075103e5367ba2002c818b9868d845,0.7483716891011724,0.6949210640797281,0.7066897745005963,0.6949210640797281,0.6953339478876527,0.8663556052925653,0.892754430350721,0.8839729119638826,0.8014735980352026,0.8407041648776299,2215,257,0.11602708803611739,93,0.04198645598194131,0.02019105514546244
base__alto_1.3,2024,34436,4606,83cd35a1966faa825a6fb63e282b2e8be4075103e5367ba2002c818b9868d845,0.7462006079027356,0.6890420703444385,0.7047933590411753,0.6890420703444385,0.6887968110110325,0.8638870227172327,0.8923445943809547,0.891196388261851,0.7924528301886793,0.8389290267743307,2215,241,0.10880361173814898,97,0.04379232505643341,0.02105948762483717
base__alto_1.5,2024,34436,4606,83cd35a1966faa825a6fb63e282b2e8be4075103e5367ba2002c818b9868d845,0.742509769865393,0.6804901239763695,0.7021152265784641,0.6804901239763695,0.6803072825923856,0.8595468470454405,0.8925051829553721,0.9011286681715576,0.7742435996896819,0.8328812852075944,2215,219,0.09887133182844243,88,0.03972911963882619,0.01910551454624403
regularizado__balanceado,2024,34436,4606,83cd35a1966faa825a6fb63e282b2e8be4075103e5367ba2002c818b9868d845,0.728831958315241,0.7213113522904241,0.7215067657501701,0.7213113522904241,0.7128111401407079,0.8714396602259168,0.8904543546129197,0.7476297968397291,0.8908015061861215,0.812960235640648,2215,559,0.25237020316027087,68,0.03069977426636569,0.014763352149370386
regularizado__alto_1.1,2024,34436,4606,83cd35a1966faa825a6fb63e282b2e8be4075103e5367ba2002c818b9868d845,0.747937472861485,0.6992206308922077,0.7056274851725539,0.6992206308922077,0.699190300917556,0.8682826508214828,0.891931549612151,0.8708803611738148,0.8156448202959831,0.84235807860262,2215,286,0.1291196388261851,97,0.04379232505643341,0.02105948762483717
regularizado__alto_1.2,2024,34436,4606,83cd35a1966faa825a6fb63e282b2e8be4075103e5367ba2002c818b9868d845,0.7446808510638298,0.692425807603525,0.7018117134969564,0.692425807603525,0.6923102780903242,0.865042873019926,0.8919108399088342,0.8762979683972912,0.8027295285359801,0.8379020073386574,2215,274,0.1237020316027088,96,0.04334085778781038,0.020842379504993486
regularizado__alto_1.3,2024,34436,4606,83cd35a1966faa825a6fb63e282b2e8be4075103e5367ba2002c818b9868d845,0.7429439861050803,0.6868850600610176,0.7001746265991523,0.6868850600610176,0.6862460315822093,0.8625892653949476,0.8912326517867135,0.8839729119638826,0.7920711974110033,0.8355024535950502,2215,257,0.11602708803611739,97,0.04379232505643341,0.02105948762483717
regularizado__alto_1.5,2024,34436,4606,83cd35a1966faa825a6fb63e282b2e8be4075103e5367ba2002c818b9868d845,0.7403386886669562,0.6774660301346609,0.6995995127389562,0.6774660301346609,0.6768906545692759,0.8584459836688438,0.8922120349752656,0.9020316027088036,0.774118558698179,0.8331943286071726,2215,217,0.09796839729119639,93,0.04198645598194131,0.02019105514546244
profundo__balanceado,2024,34436,4606,83cd35a1966faa825a6fb63e282b2e8be4075103e5367ba2002c818b9868d845,0.734259661311333,0.7227718899984271,0.7209797350196684,0.7227718899984271,0.7155531581975215,0.8730110884007581,0.8921347638513204,0.763882618510158,0.8858638743455497,0.8203636363636364,2215,523,0.236117381489842,74,0.033408577878103835,0.01606600086843248
profundo__alto_1.1,2024,34436,4606,83cd35a1966faa825a6fb63e282b2e8be4075103e5367ba2002c818b9868d845,0.7492401215805471,0.6983865642433956,0.7061647208596823,0.6983865642433956,0.6977561545867731,0.8683851372945316,0.8935737142181263,0.8762979683972912,0.8134953897736797,0.8437296239947838,2215,274,0.1237020316027088,95,0.04288939051918736,0.020625271385149805
profundo__alto_1.2,2024,34436,4606,83cd35a1966faa825a6fb63e282b2e8be4075103e5367ba2002c818b9868d845,0.7475032566217976,0.6924960925267006,0.704497717890784,0.6924960925267006,0.6922106250622503,0.8658120368550879,0.8934694028621454,0.8866817155756208,0.8013055895552835,0.8418345477925417,2215,251,0.11331828442437923,92,0.04153498871331828,0.01997394702561876
profundo__alto_1.3,2024,34436,4606,83cd35a1966faa825a6fb63e282b2e8be4075103e5367ba2002c818b9868d845,0.7405557967867998,0.6815864837558223,0.6963830665422832,0.6815864837558223,0.680772116183609,0.8605727718325503,0.893071913507541,0.890293453724605,0.7859705061777601,0.8348856900931413,2215,243,0.10970654627539503,89,0.04018058690744921,0.01932262266608771
profundo__alto_1.5,2024,34436,4606,83cd35a1966faa825a6fb63e282b2e8be4075103e5367ba2002c818b9868d845,0.7405557967867998,0.6764585184334965,0.6985244104958337,0.6764585184334965,0.6748354278958609,0.8584263372332893,0.8932079181646625,0.9042889390519188,0.7739567233384853,0.8340620445554862,2215,212,0.09571106094808127,87,0.03927765237020316,0.01888840642640035
Persistencia,2024,34436,4606,83cd35a1966faa825a6fb63e282b2e8be4075103e5367ba2002c818b9868d845,0.7401215805471124,0.7040674565218316,0.7033797486259047,0.7040674565218316,0.7037183053683435,0.8687863052845569,,0.8334085778781039,0.837948252383114,0.8356722498868266,2215,369,0.16659142212189615,86,0.03882618510158013,0.018671298306556665
