regla,tipo,n_anios,accuracy_promedio,accuracy_std,accuracy_min,accuracy_max,accuracy_n_validos,balanced_accuracy_promedio,balanced_accuracy_std,balanced_accuracy_min,balanced_accuracy_max,balanced_accuracy_n_validos,precision_macro_promedio,precision_macro_std,precision_macro_min,precision_macro_max,precision_macro_n_validos,recall_macro_promedio,recall_macro_std,recall_macro_min,recall_macro_max,recall_macro_n_validos,f1_macro_promedio,f1_macro_std,f1_macro_min,f1_macro_max,f1_macro_n_validos,specificity_macro_promedio,specificity_macro_std,specificity_macro_min,specificity_macro_max,specificity_macro_n_validos,roc_auc_ovr_macro_promedio,roc_auc_ovr_macro_std,roc_auc_ovr_macro_min,roc_auc_ovr_macro_max,roc_auc_ovr_macro_n_validos,recall_alto_promedio,recall_alto_std,recall_alto_min,recall_alto_max,recall_alto_n_validos,precision_alto_promedio,precision_alto_std,precision_alto_min,precision_alto_max,precision_alto_n_validos,f1_alto_promedio,f1_alto_std,f1_alto_min,f1_alto_max,f1_alto_n_validos,casos_alto_reales_promedio,casos_alto_reales_std,casos_alto_reales_min,casos_alto_reales_max,casos_alto_reales_n_validos,falsos_negativos_alto_promedio,falsos_negativos_alto_std,falsos_negativos_alto_min,falsos_negativos_alto_max,falsos_negativos_alto_n_validos,tasa_falsos_negativos_alto_promedio,tasa_falsos_negativos_alto_std,tasa_falsos_negativos_alto_min,tasa_falsos_negativos_alto_max,tasa_falsos_negativos_alto_n_validos,errores_alto_bajo_promedio,errores_alto_bajo_std,errores_alto_bajo_min,errores_alto_bajo_max,errores_alto_bajo_n_validos,proporcion_alto_bajo_promedio,proporcion_alto_bajo_std,proporcion_alto_bajo_min,proporcion_alto_bajo_max,proporcion_alto_bajo_n_validos,proporcion_alto_bajo_total_promedio,proporcion_alto_bajo_total_std,proporcion_alto_bajo_total_min,proporcion_alto_bajo_total_max,proporcion_alto_bajo_total_n_validos,predichos_bajo_total,proporcion_predicha_bajo_promedio,predichos_medio_total,proporcion_predicha_medio_promedio,predichos_alto_total,proporcion_predicha_alto_promedio,riesgo_expansion_alto_algun_anio,delta_proporcion_alto_bajo_promedio,delta_tasa_falsos_negativos_alto_promedio,delta_recall_alto_promedio,delta_f1_macro_promedio,delta_balanced_accuracy_promedio,admisible,veto_mejora_minima_caida_global,mejora_seguridad,elegible_seleccion,delta_proporcion_predicha_alto_promedio,riesgo_expansion_alto_promedio,motivo_no_seleccionable,ranking,seleccionada
alto_0.45,regla_decision,5,0.7353898028430514,0.0046783438215566445,0.7302706390720947,0.741991991991992,5,0.7102934873496771,0.008211307321888779,0.7014785671674728,0.7251797154310832,5,0.7073176401511109,0.009863200798762822,0.696955925571436,0.7258681647528707,5,0.7102934873496771,0.008211307321888779,0.7014785671674728,0.7251797154310832,5,0.7058966909433149,0.007754657595231102,0.6964842549620841,0.7196789201998399,5,0.8707709372599778,0.0025856702478811613,0.8677387507530199,0.8750054729858644,5,0.8834422719775145,0.006338387150573261,0.8786453999583514,0.895360548460021,5,0.7712093939106139,0.018227815195326156,0.7435085497150095,0.7917663954044998,5,0.8536510822857535,0.018728132098138985,0.8281430219146482,0.8819338422391858,5,0.8102896013164702,0.017394676531601195,0.7881839543470964,0.8291866028708135,5,1994.4,235.59762307799286,1579,2215,5,452.4,28.786107760515318,405,482,5,0.22879060608938598,0.018227815195326152,0.20823360459550025,0.2564914502849905,5,97.8,25.576551761330144,59,137,5,0.05137924245943899,0.020278218564410595,0.026636568848758466,0.08676377454084863,5,0.022666943988910383,0.007025661025106261,0.012809379070777248,0.03428428428428428,5,7057,0.32508136350055095,5814,0.26429500678767154,9015,0.41062362971177746,False,0.0,-0.006718004255297699,0.0067180042552976715,0.000924655475347258,0.0003715561050314786,True,False,True,True,0.004480642444776528,False,,11,False
proteccion_0.20,regla_decision,5,0.7316869202275987,0.004859342975292416,0.727768933363657,0.7394894894894894,5,0.7105317135061304,0.006650376690873199,0.7042044724119169,0.7234181995439982,5,0.7091087478820447,0.00927823123232273,0.7005168456070071,0.7269279464756595,5,0.7105317135061304,0.006650376690873199,0.7042044724119169,0.7234181995439982,5,0.7051136169791251,0.006551195501862001,0.6975580528919766,0.7172459718656046,5,0.8702376273203114,0.0028211882607156913,0.8666705980559949,0.873605464596979,5,0.8834422719775145,0.006338387150573261,0.8786453999583514,0.895360548460021,5,0.7644913896553163,0.01510128907348006,0.7422419252691577,0.7836285303973193,5,0.8553342431684344,0.018464933873949232,0.8311990686845169,0.8837209302325582,5,0.8073203475494404,0.015498086087813107,0.7878991596638656,0.8240963855421687,5,1994.4,235.59762307799286,1579,2215,5,466.6,35.34176000144871,407,505,5,0.23550861034468368,0.015101289073480033,0.21637146960268072,0.2577580747308423,5,78.8,17.267310155319503,52,101,5,0.041107854102374206,0.01402186016908389,0.02347629796839729,0.06396453451551615,5,0.018200013558136597,0.004724298517356626,0.011289622231871473,0.025275275275275275,5,6752,0.3109188552643144,6219,0.28293815746868456,8915,0.40614298726700093,False,-0.010271388357064787,0.0,0.0,0.00014158151115750695,0.0006097822614847814,True,False,True,True,0.0,False,,1,True
argmax,regla_decision,5,0.7334416933779073,0.005031865987690604,0.7292637465051258,0.741991991991992,5,0.7099219312446456,0.007490495678263769,0.7023918164208559,0.7239155787382439,5,0.7067988475287211,0.00932332923712862,0.6976412845954297,0.7247138169281161,5,0.7099219312446456,0.007490495678263769,0.7023918164208559,0.7239155787382439,5,0.7049720354679676,0.0068924448065748375,0.696872793412408,0.7176027933890513,5,0.870185608674096,0.002494617713801196,0.8670681607723981,0.8738180741026055,5,0.8834422719775145,0.006338387150573261,0.8786453999583514,0.895360548460021,5,0.7644913896553163,0.01510128907348006,0.7422419252691577,0.7836285303973193,5,0.8553342431684344,0.018464933873949232,0.8311990686845169,0.8837209302325582,5,0.8073203475494404,0.015498086087813107,0.7878991596638656,0.8240963855421687,5,1994.4,235.59762307799286,1579,2215,5,466.6,35.34176000144871,407,505,5,0.23550861034468368,0.015101289073480033,0.21637146960268072,0.2577580747308423,5,97.8,25.576551761330144,59,137,5,0.05137924245943899,0.020278218564410595,0.026636568848758466,0.08676377454084863,5,0.022666943988910383,0.007025661025106261,0.012809379070777248,0.03428428428428428,5,7057,0.32508136350055095,5914,0.2687756492324481,8915,0.40614298726700093,False,0.0,0.0,0.0,0.0,0.0,True,False,False,True,0.0,False,,12,False
proteccion_0.35,regla_decision,5,0.7331776434701374,0.005484207093023882,0.7286786445303616,0.7424924924924925,5,0.7098113479112086,0.007584661826030968,0.7013724484290109,0.7239155787382439,5,0.7068175249134729,0.009459811724417467,0.6968620176263451,0.7248264370837472,5,0.7098113479112086,0.007584661826030968,0.7013724484290109,0.7239155787382439,5,0.7048393936694246,0.007093132726765775,0.6958319551031599,0.7176296456121061,5,0.8701505080508998,0.002683280227290754,0.8668870750840661,0.8738257374736208,5,0.8834422719775145,0.006338387150573261,0.8786453999583514,0.895360548460021,5,0.7644913896553163,0.01510128907348006,0.7422419252691577,0.7836285303973193,5,0.8553342431684344,0.018464933873949232,0.8311990686845169,0.8837209302325582,5,0.8073203475494404,0.015498086087813107,0.7878991596638656,0.8240963855421687,5,1994.4,235.59762307799286,1579,2215,5,466.6,35.34176000144871,407,505,5,0.23550861034468368,0.015101289073480033,0.21637146960268072,0.2577580747308423,5,95.6,24.67873578609731,58,133,5,0.050193119084039284,0.019592272939439038,0.02618510158013544,0.08423052564914503,5,0.02214903050941669,0.006772499124852498,0.012592270950933565,0.03328328328328328,5,7030,0.32381885202551997,5941,0.27003816070747905,8915,0.40614298726700093,False,-0.0011861233753997086,0.0,0.0,-0.0001326417985429984,-0.00011058333343705318,True,False,True,True,0.0,False,,9,False
proteccion_0.25,regla_decision,5,0.732181199536518,0.00512555425280666,0.727768933363657,0.73998998998999,5,0.7097572306053895,0.007789441312413595,0.7021983373049068,0.7246078002094377,5,0.7076952815484053,0.009949077711269223,0.698233511700226,0.7267134373761523,5,0.7097572306053895,0.007789441312413595,0.7021983373049068,0.7246078002094377,5,0.7046685071283797,0.007422409608578438,0.6961692326426806,0.7183531213488741,5,0.8700580800449178,0.0027445391328271966,0.8666938973546564,0.8740040902357523,5,0.8834422719775145,0.006338387150573261,0.8786453999583514,0.895360548460021,5,0.7644913896553163,0.01510128907348006,0.7422419252691577,0.7836285303973193,5,0.8553342431684344,0.018464933873949232,0.8311990686845169,0.8837209302325582,5,0.8073203475494404,0.015498086087813107,0.7878991596638656,0.8240963855421687,5,1994.4,235.59762307799286,1579,2215,5,466.6,35.34176000144871,407,505,5,0.23550861034468368,0.015101289073480033,0.21637146960268072,0.2577580747308423,5,85.6,22.222511109233356,54,120,5,0.04497429094493498,0.017757719687189664,0.02437923250564334,0.0759974667511083,5,0.01982880387482249,0.006102299131765393,0.011723838471558836,0.03003003003003003,5,6887,0.3172262525163939,6084,0.2766307602166051,8915,0.40614298726700093,False,-0.006404951514504015,0.0,0.0,-0.0003035283395879107,-0.00016470063925611012,True,False,True,True,0.0,False,,5,False
alto_0.40,regla_decision,5,0.7372553063137668,0.005984434894391563,0.72856477166822,0.7446808510638298,5,0.7069041004131178,0.008376449392698005,0.701680542484069,0.7235889522303417,5,0.7050938506410998,0.010046034997538771,0.6986232002547593,0.7250031285905673,5,0.7069041004131178,0.008376449392698005,0.701680542484069,0.7235889522303417,5,0.7044306196710587,0.008162465738387671,0.698983763311731,0.7206136407546201,5,0.8701632140067097,0.003721555247217404,0.8644336506481013,0.8755779499097693,5,0.8834422719775145,0.006338387150573261,0.8786453999583514,0.895360548460021,5,0.7884114267208584,0.020537299271203895,0.7530082330588981,0.8058690744920993,5,0.8421531574238834,0.01665737845858145,0.8232013385387619,0.8707317073170732,5,0.8143350981650308,0.017592763492950553,0.7887230514096186,0.8370457209847596,5,1994.4,235.59762307799286,1579,2215,5,417.2,14.74313399518569,390,430,5,0.21158857327914155,0.02053729927120393,0.19413092550790068,0.24699176694110198,5,97.6,25.48411269791436,59,137,5,0.051273923870708074,0.02024528807235947,0.026636568848758466,0.08676377454084863,5,0.022621458430575152,0.007011019624217941,0.012809379070777248,0.03428428428428428,5,7056,0.3250358779422157,5482,0.2493173543378727,9348,0.4256467677199116,False,-0.00010531858873091826,-0.023920037065542132,0.023920037065542132,-0.0005414157969089173,-0.0030178308315278457,True,False,True,True,0.01950378045291068,False,,10,False
proteccion_0.30,regla_decision,5,0.7324320124926973,0.005168059821650366,0.7275415055719809,0.7407407407407407,5,0.709298505021515,0.007826636751243711,0.7007178322748041,0.723727821635003,5,0.7067378964037919,0.00975040037233298,0.6965795433687053,0.7251841502467165,5,0.709298505021515,0.007826636751243711,0.7007178322748041,0.723727821635003,5,0.7043308734993852,0.007411297864013173,0.695055474056628,0.7175296373692256,5,0.8699508284303601,0.0025913564110684605,0.8671354043179025,0.8737623352767189,5,0.8834422719775145,0.006338387150573261,0.8786453999583514,0.895360548460021,5,0.7644913896553163,0.01510128907348006,0.7422419252691577,0.7836285303973193,5,0.8553342431684344,0.018464933873949232,0.8311990686845169,0.8837209302325582,5,0.8073203475494404,0.015498086087813107,0.7878991596638656,0.8240963855421687,5,1994.4,235.59762307799286,1579,2215,5,466.6,35.34176000144871,407,505,5,0.23550861034468368,0.015101289073480033,0.21637146960268072,0.2577580747308423,5,90.8,24.119701490690137,55,128,5,0.04773569040920671,0.019086041329210848,0.024830699774266364,0.08106396453451552,5,0.02104694255564339,0.006613039961069264,0.011940946591402518,0.03203203203203203,5,6974,0.3212486553931734,5997,0.2726083573398256,8915,0.40614298726700093,False,-0.003643552050232285,0.0,0.0,-0.0006411619685824377,-0.0006234262231306076,True,False,True,True,0.0,False,,7,False
combinada_0.40_0.25,regla_decision,5,0.7359948124723774,0.006269342579996019,0.7273998136067101,0.7448979591836735,5,0.7067393997738618,0.008825405490086218,0.7006545544730926,0.7242811737015357,5,0.705748445241525,0.010667329401045452,0.6989108894857834,0.7269094350000583,5,0.7067393997738618,0.008825405490086218,0.7006545544730926,0.7242811737015357,5,0.7041682751110254,0.008687083232524572,0.6982994183919851,0.7213978091754926,5,0.8700304126440248,0.003941689184460022,0.8640593872303596,0.875763966042916,5,0.8834422719775145,0.006338387150573261,0.8786453999583514,0.895360548460021,5,0.7884114267208584,0.020537299271203895,0.7530082330588981,0.8058690744920993,5,0.8421531574238834,0.01665737845858145,0.8232013385387619,0.8707317073170732,5,0.8143350981650308,0.017592763492950553,0.7887230514096186,0.8370457209847596,5,1994.4,235.59762307799286,1579,2215,5,417.2,14.74313399518569,390,430,5,0.21158857327914155,0.02053729927120393,0.19413092550790068,0.24699176694110198,5,85.6,22.222511109233356,54,120,5,0.04497429094493498,0.017757719687189664,0.02437923250564334,0.0759974667511083,5,0.01982880387482249,0.006102299131765393,0.011723838471558836,0.03003003003003003,5,6887,0.3172262525163939,5651,0.2571269797636945,9348,0.4256467677199116,False,-0.006404951514504015,-0.023920037065542132,0.023920037065542132,-0.0008037603569421847,-0.003182531470783845,True,False,True,True,0.01950378045291068,False,,4,False
alto_0.35,regla_decision,5,0.7409569397036221,0.007098338657814274,0.7304287045666356,0.7509769865392966,5,0.7024963244922222,0.00955262227926698,0.6955155519101094,0.7214177715995063,5,0.7035437784335186,0.010780456488167545,0.6960134593790257,0.724963755533104,5,0.7024963244922222,0.00955262227926698,0.6955155519101094,0.7214177715995063,5,0.7025679119173595,0.00953656145483995,0.6957592708983095,0.7215037267411443,5,0.8696518117548827,0.0045983259147801695,0.8625938951213445,0.8762268519488648,5,0.8834422719775145,0.006338387150573261,0.8786453999583514,0.895360548460021,5,0.8164910148604877,0.02043759246946301,0.7815072830905636,0.837020316027088,5,0.8252391562582323,0.017602409150040903,0.8073878627968337,0.85635103926097,5,0.8207937510910537,0.018064243909873167,0.7951030927835052,0.8465753424657535,5,1994.4,235.59762307799286,1579,2215,5,361.2,8.953211714239757,345,370,5,0.18350898513951244,0.020437592469463008,0.16297968397291196,0.21849271690943636,5,95.6,24.67873578609731,58,133,5,0.050193119084039284,0.019592272939439038,0.02618510158013544,0.08423052564914503,5,0.02214903050941669,0.006772499124852498,0.012592270950933565,0.03328328328328328,5,7030,0.32381885202551997,4979,0.22641192532257187,9877,0.44976922265190816,False,-0.0011861233753997086,-0.051999625205171235,0.05199962520517143,-0.0024041235506081504,-0.00742560675242343,True,False,True,True,0.04362623538490723,False,,8,False
combinada_0.35_0.25,regla_decision,5,0.7399604957700026,0.007200606376495981,0.7297297297297297,0.7511940946591402,5,0.7024422071864032,0.009987768337297259,0.6950039398927826,0.7221099930707001,5,0.7038897350648876,0.011503294495021374,0.6959705913992912,0.7266743011849344,5,0.7024422071864032,0.009987768337297259,0.6950039398927826,0.7221099930707001,5,0.7024911417881388,0.009998334863018783,0.6958888639891302,0.7223118818107305,5,0.8695593837489006,0.00471807571209696,0.8624007173919349,0.8764052047109964,5,0.8834422719775145,0.006338387150573261,0.8786453999583514,0.895360548460021,5,0.8164910148604877,0.02043759246946301,0.7815072830905636,0.837020316027088,5,0.8252391562582323,0.017602409150040903,0.8073878627968337,0.85635103926097,5,0.8207937510910537,0.018064243909873167,0.7951030927835052,0.8465753424657535,5,1994.4,235.59762307799286,1579,2215,5,361.2,8.953211714239757,345,370,5,0.18350898513951244,0.020437592469463008,0.16297968397291196,0.21849271690943636,5,85.6,22.222511109233356,54,120,5,0.04497429094493498,0.017757719687189664,0.02437923250564334,0.0759974667511083,5,0.01982880387482249,0.006102299131765393,0.011723838471558836,0.03003003003003003,5,6887,0.3172262525163939,5122,0.23300452483169787,9877,0.44976922265190816,False,-0.006404951514504015,-0.051999625205171235,0.05199962520517143,-0.002480893679828844,-0.007479724058242487,True,False,True,True,0.04362623538490723,False,,3,False
alto_0.30,regla_decision,5,0.7421678489662444,0.00794294970270549,0.7341565703634669,0.7548849326964828,5,0.6937326550944165,0.011405611692652718,0.6838947426211344,0.7157567178074505,5,0.7004139657671082,0.01209170747817477,0.6908054594935172,0.7240072304454159,5,0.6937326550944165,0.011405611692652718,0.6838947426211344,0.7157567178074505,5,0.6962357617812549,0.011737593014546696,0.6871102790339982,0.719040688902342,5,0.8671344726750709,0.005369962389593215,0.8607976154108897,0.8749570115756944,5,0.8834422719775145,0.006338387150573261,0.8786453999583514,0.895360548460021,5,0.8465793924093337,0.020415728045129266,0.8125395820139328,0.8686230248306998,5,0.8019617706543102,0.018638070929178907,0.7821586988664366,0.8361581920903954,5,0.8235976795141721,0.017995164307966896,0.8008739076154807,0.8520814880425155,5,1994.4,235.59762307799286,1579,2215,5,301.2,7.730459236035075,291,312,5,0.15342060759066628,0.020415728045129256,0.13137697516930022,0.18746041798606713,5,90.8,24.119701490690137,55,128,5,0.04773569040920671,0.019086041329210848,0.024830699774266364,0.08106396453451552,5,0.02104694255564339,0.006613039961069264,0.011940946591402518,0.03203203203203203,5,6974,0.3212486553931734,4372,0.1988457704941856,10540,0.479905574112641,False,-0.003643552050232285,-0.0820880027540174,0.0820880027540174,-0.008736273686712703,-0.016189276150229137,True,False,True,True,0.07376258684564008,False,,6,False
alto_0.25,regla_decision,5,0.7415969919715902,0.008498471915540016,0.728331780055918,0.7505005005005005,5,0.6827591885274286,0.009751503582681799,0.6733137675401221,0.700457277111063,5,0.6990611562516917,0.008997863831524969,0.6919709705487711,0.7162945074495418,5,0.6827591885274286,0.009751503582681799,0.6733137675401221,0.700457277111063,5,0.6869337822409175,0.01041338380858935,0.6775701273503572,0.70649432716843,5,0.863022204189706,0.006597676489296987,0.8527705298225734,0.8699265895688949,5,0.8834422719775145,0.006338387150573261,0.8786453999583514,0.895360548460021,5,0.8771961124869115,0.01596564786298968,0.850538315389487,0.8940639269406393,5,0.7743298143427639,0.016806096669417066,0.759080459770115,0.8061224489795918,5,0.822503079920434,0.015053394111548511,0.8037103530819868,0.8467309753483387,5,1994.4,235.59762307799286,1579,2215,5,241.2,6.881860213634101,232,250,5,0.12280388751308843,0.015965647862989676,0.10593607305936073,0.14946168461051298,5,85.6,22.222511109233356,54,120,5,0.04497429094493498,0.017757719687189664,0.02437923250564334,0.0759974667511083,5,0.01982880387482249,0.006102299131765393,0.011723838471558836,0.03003003003003003,5,6887,0.3172262525163939,3695,0.1679212211825337,11304,0.5148525263010724,True,-0.006404951514504015,-0.11270472283159524,0.11270472283159527,-0.018038253227050105,-0.02716274271721708,True,False,True,True,0.10870953903407143,True,,2,False
