anio_prueba,n_train,n_test,test_sha256,accuracy,balanced_accuracy,precision_macro,recall_macro,f1_macro,specificity_macro,roc_auc_ovr_macro,recall_alto,precision_alto,f1_alto,casos_alto_reales,falsos_negativos_alto,tasa_falsos_negativos_alto,errores_alto_bajo,proporcion_alto_bajo,proporcion_alto_bajo_total,regla,tipo,tipo_regla,umbral,umbral_proteccion,fase,probabilidades_sha256,predichos_bajo,proporcion_predicha_bajo,predichos_medio,proporcion_predicha_medio,predichos_alto,proporcion_predicha_alto,delta_proporcion_predicha_alto_vs_argmax,riesgo_expansion_alto
2018,9463,4292,9ed833ef2ca13459e0be1cc9a3797134fe3bd383cee7f256534e2624ea225cbb,0.7292637465051258,0.7090684787933706,0.7040629288657971,0.7090684787933706,0.7046006060575793,0.8670681607723981,0.8845390513833639,0.7836285303973193,0.861578947368421,0.8207570819754324,2089,452,0.21637146960268072,91,0.043561512685495456,0.021202236719478098,argmax,regla_decision,argmax,,,desarrollo,6fd72a158b5f7a63271dd92408629db11d7f64a7da327c0669de84f466bb9413,1185,0.2760950605778192,1207,0.28122087604846224,1900,0.4426840633737186,0.0,False
2018,9463,4292,9ed833ef2ca13459e0be1cc9a3797134fe3bd383cee7f256534e2624ea225cbb,0.727865796831314,0.7081870467440701,0.7072293929025332,0.7081870467440701,0.7046697527448039,0.8666705980559949,0.8845390513833639,0.7836285303973193,0.861578947368421,0.8207570819754324,2089,452,0.21637146960268072,70,0.03350885591191958,0.016309412861136997,proteccion_0.20,regla_decision,proteccion,0.2,,desarrollo,6fd72a158b5f7a63271dd92408629db11d7f64a7da327c0669de84f466bb9413,1124,0.2618825722273998,1268,0.2954333643988816,1900,0.4426840633737186,0.0,False
2018,9463,4292,9ed833ef2ca13459e0be1cc9a3797134fe3bd383cee7f256534e2624ea225cbb,0.72856477166822,0.701680542484069,0.6986232002547593,0.701680542484069,0.6995396021603052,0.8644336506481013,0.8845390513833639,0.8018190521780756,0.8438287153652393,0.8222876779577809,2089,414,0.19818094782192436,91,0.043561512685495456,0.021202236719478098,alto_0.40,regla_decision,alto,0.4,,desarrollo,6fd72a158b5f7a63271dd92408629db11d7f64a7da327c0669de84f466bb9413,1185,0.2760950605778192,1122,0.2614165890027959,1985,0.4624883504193849,0.019804287045666336,False
2018,9463,4292,9ed833ef2ca13459e0be1cc9a3797134fe3bd383cee7f256534e2624ea225cbb,0.7304287045666356,0.6955155519101094,0.6960134593790257,0.6955155519101094,0.6957592708983095,0.8625938951213445,0.8845390513833639,0.8271900430828147,0.8260038240917782,0.8265965080124372,2089,361,0.17280995691718526,88,0.0421254188606989,0.02050326188257223,alto_0.35,regla_decision,alto,0.35,,desarrollo,6fd72a158b5f7a63271dd92408629db11d7f64a7da327c0669de84f466bb9413,1178,0.2744641192917055,1022,0.2381174277726002,2092,0.4874184529356943,0.04473438956197573,False
2018,9463,4292,9ed833ef2ca13459e0be1cc9a3797134fe3bd383cee7f256534e2624ea225cbb,0.7271668219944082,0.7007991104347684,0.7015086431523079,0.7007991104347684,0.6997677901169683,0.864036087931698,0.8845390513833639,0.8018190521780756,0.8438287153652393,0.8222876779577809,2089,414,0.19818094782192436,70,0.03350885591191958,0.016309412861136997,combinada_0.40_0.20,regla_decision,combinada,0.4,0.2,desarrollo,6fd72a158b5f7a63271dd92408629db11d7f64a7da327c0669de84f466bb9413,1124,0.2618825722273998,1183,0.2756290773532153,1985,0.4624883504193849,0.019804287045666336,False
2018,9463,4292,9ed833ef2ca13459e0be1cc9a3797134fe3bd383cee7f256534e2624ea225cbb,0.7294967381174278,0.6951484958544585,0.6985255926094777,0.6951484958544585,0.6965101781897579,0.8623774180932733,0.8845390513833639,0.8271900430828147,0.8260038240917782,0.8265965080124372,2089,361,0.17280995691718526,70,0.03350885591191958,0.016309412861136997,combinada_0.35_0.20,regla_decision,combinada,0.35,0.2,desarrollo,6fd72a158b5f7a63271dd92408629db11d7f64a7da327c0669de84f466bb9413,1124,0.2618825722273998,1076,0.2506989748369059,2092,0.4874184529356943,0.04473438956197573,False
2021,21448,3996,59884a8ccf437f401ddb72f4e24a89939dd62a977db9fc8d5b22a6f4ebeed342,0.741991991991992,0.7047139817550528,0.7023388203130448,0.7047139817550528,0.7015495895327827,0.8723277197559968,0.879984434506257,0.7422419252691577,0.839541547277937,0.7878991596638656,1579,407,0.2577580747308423,137,0.08676377454084863,0.03428428428428428,argmax,regla_decision,argmax,,,desarrollo,7790a926d7e11a868dc5a374b0ba034036111894f4d11b95c604db2170380c80,1733,0.4336836836836837,867,0.21696696696696696,1396,0.34934934934934936,0.0,False
2021,21448,3996,59884a8ccf437f401ddb72f4e24a89939dd62a977db9fc8d5b22a6f4ebeed342,0.7394894894894894,0.7078485548404357,0.7033665467273417,0.7078485548404357,0.7021603977275953,0.873605464596979,0.879984434506257,0.7422419252691577,0.839541547277937,0.7878991596638656,1579,407,0.2577580747308423,101,0.06396453451551615,0.025275275275275275,proteccion_0.20,regla_decision,proteccion,0.2,,desarrollo,7790a926d7e11a868dc5a374b0ba034036111894f4d11b95c604db2170380c80,1645,0.4116616616616617,955,0.238988988988989,1396,0.34934934934934936,0.0,False
2021,21448,3996,59884a8ccf437f401ddb72f4e24a89939dd62a977db9fc8d5b22a6f4ebeed342,0.7432432432432432,0.7029694176849662,0.7011657119553559,0.7029694176849662,0.7009761185328367,0.872031077220958,0.879984434506257,0.7530082330588981,0.8279944289693594,0.7887230514096186,1579,390,0.24699176694110198,137,0.08676377454084863,0.03428428428428428,alto_0.40,regla_decision,alto,0.4,,desarrollo,7790a926d7e11a868dc5a374b0ba034036111894f4d11b95c604db2170380c80,1733,0.4336836836836837,827,0.20695695695695696,1436,0.35935935935935936,0.010010010010010006,False
2021,21448,3996,59884a8ccf437f401ddb72f4e24a89939dd62a977db9fc8d5b22a6f4ebeed342,0.745995995995996,0.6976024743541899,0.6983504176653671,0.6976024743541899,0.6978152810875903,0.8718939528465229,0.879984434506257,0.7815072830905636,0.8091803278688524,0.7951030927835052,1579,345,0.21849271690943636,133,0.08423052564914503,0.03328328328328328,alto_0.35,regla_decision,alto,0.35,,desarrollo,7790a926d7e11a868dc5a374b0ba034036111894f4d11b95c604db2170380c80,1725,0.4316816816816817,746,0.1866866866866867,1525,0.3816316316316316,0.03228228228228225,False
2021,21448,3996,59884a8ccf437f401ddb72f4e24a89939dd62a977db9fc8d5b22a6f4ebeed342,0.7407407407407407,0.7061039907703494,0.7016308213605186,0.7061039907703494,0.7016224855614862,0.8733088220619404,0.879984434506257,0.7530082330588981,0.8279944289693594,0.7887230514096186,1579,390,0.24699176694110198,101,0.06396453451551615,0.025275275275275275,combinada_0.40_0.20,regla_decision,combinada,0.4,0.2,desarrollo,7790a926d7e11a868dc5a374b0ba034036111894f4d11b95c604db2170380c80,1645,0.4116616616616617,915,0.22897897897897898,1436,0.35935935935935936,0.010010010010010006,False
2021,21448,3996,59884a8ccf437f401ddb72f4e24a89939dd62a977db9fc8d5b22a6f4ebeed342,0.742992992992993,0.6996036741142376,0.6970429025511703,0.6996036741142376,0.697859265967112,0.8726832895435539,0.879984434506257,0.7815072830905636,0.8091803278688524,0.7951030927835052,1579,345,0.21849271690943636,101,0.06396453451551615,0.025275275275275275,combinada_0.35_0.20,regla_decision,combinada,0.35,0.2,desarrollo,7790a926d7e11a868dc5a374b0ba034036111894f4d11b95c604db2170380c80,1645,0.4116616616616617,826,0.2067067067067067,1525,0.3816316316316316,0.03228228228228225,False
2022,25444,4397,66846d1234a195fff06ba43a9bb6caedfad324ff56de02551b50910156a0af17,0.7298157834887423,0.7023918164208559,0.6976412845954297,0.7023918164208559,0.696872793412408,0.8690613665076926,0.8786819255795791,0.7519747235387045,0.8311990686845169,0.7896046447332042,1899,471,0.2480252764612954,110,0.057925223802001054,0.02501705708437571,argmax,regla_decision,argmax,,,desarrollo,8d1021b4f33af4551bef2b83180f2b7775dfa7c1aa5c87ec6a7f228f3c8d1b25,1581,0.3595633386399818,1098,0.2497157152604048,1718,0.3907209460996134,0.0,False
2022,25444,4397,66846d1234a195fff06ba43a9bb6caedfad324ff56de02551b50910156a0af17,0.727768933363657,0.7042044724119169,0.7005168456070071,0.7042044724119169,0.6975580528919766,0.8691879257717829,0.8786819255795791,0.7519747235387045,0.8311990686845169,0.7896046447332042,1899,471,0.2480252764612954,93,0.04897314375987362,0.021150784625881283,proteccion_0.20,regla_decision,proteccion,0.2,,desarrollo,8d1021b4f33af4551bef2b83180f2b7775dfa7c1aa5c87ec6a7f228f3c8d1b25,1515,0.3445531043893564,1164,0.26472594951103023,1718,0.3907209460996134,0.0,False
2022,25444,4397,66846d1234a195fff06ba43a9bb6caedfad324ff56de02551b50910156a0af17,0.735728906072322,0.7023198141411906,0.6986488639011063,0.7023198141411906,0.698983763311731,0.8704839046511202,0.8786819255795791,0.7772511848341233,0.8232013385387619,0.799566630552546,1899,423,0.22274881516587677,109,0.0573986308583465,0.024789629292699566,alto_0.40,regla_decision,alto,0.4,,desarrollo,8d1021b4f33af4551bef2b83180f2b7775dfa7c1aa5c87ec6a7f228f3c8d1b25,1580,0.3593359108483057,1024,0.23288605867637024,1793,0.40777803047532407,0.017057084375710685,False
2022,25444,4397,66846d1234a195fff06ba43a9bb6caedfad324ff56de02551b50910156a0af17,0.7402774619058449,0.6995778831366727,0.6985686141554884,0.6995778831366727,0.698762520800142,0.8705190283921717,0.8786819255795791,0.8056872037914692,0.8073878627968337,0.8065366367949394,1899,369,0.1943127962085308,108,0.05687203791469194,0.024562201501023426,alto_0.35,regla_decision,alto,0.35,,desarrollo,8d1021b4f33af4551bef2b83180f2b7775dfa7c1aa5c87ec6a7f228f3c8d1b25,1574,0.3579713440982488,928,0.21105299067546054,1895,0.43097566522629066,0.040254719126677274,False
2022,25444,4397,66846d1234a195fff06ba43a9bb6caedfad324ff56de02551b50910156a0af17,0.7336820559472368,0.7041324701322514,0.701096449113214,0.7041324701322514,0.6997592645687775,0.8705841002476774,0.8786819255795791,0.7772511848341233,0.8232013385387619,0.799566630552546,1899,423,0.22274881516587677,93,0.04897314375987362,0.021150784625881283,combinada_0.40_0.20,regla_decision,combinada,0.4,0.2,desarrollo,8d1021b4f33af4551bef2b83180f2b7775dfa7c1aa5c87ec6a7f228f3c8d1b25,1515,0.3445531043893564,1089,0.24766886513531955,1793,0.40777803047532407,0.017057084375710685,False
2022,25444,4397,66846d1234a195fff06ba43a9bb6caedfad324ff56de02551b50910156a0af17,0.7393677507391403,0.7024099071195784,0.7013414449848959,0.7024099071195784,0.7007460174987851,0.8710644694515484,0.8786819255795791,0.8056872037914692,0.8073878627968337,0.8065366367949394,1899,369,0.1943127962085308,93,0.04897314375987362,0.021150784625881283,combinada_0.35_0.20,regla_decision,combinada,0.35,0.2,desarrollo,8d1021b4f33af4551bef2b83180f2b7775dfa7c1aa5c87ec6a7f228f3c8d1b25,1515,0.3445531043893564,987,0.22447123038435296,1895,0.43097566522629066,0.040254719126677274,False
2023,29841,4595,5452865fae7ed675f43ffdaa29d4ea8cf82c5b2d6cb2be755d295bc2ca8b3a69,0.7297062023939064,0.7095198005157051,0.7052373869412175,0.7095198005157051,0.7042343949480165,0.8686527222317869,0.8786453999583514,0.7726027397260274,0.8606307222787386,0.8142444658325313,2190,498,0.2273972602739726,92,0.04200913242009133,0.02002176278563656,argmax,regla_decision,argmax,,,desarrollo,9cc0c2fa2564d2988737310b1cf35a46867ea977d2a1daf130c94bedbd580af1,1351,0.2940152339499456,1278,0.2781284004352557,1966,0.4278563656147987,0.0,False
2023,29841,4595,5452865fae7ed675f43ffdaa29d4ea8cf82c5b2d6cb2be755d295bc2ca8b3a69,0.7279651795429815,0.7090002939902308,0.7075030076976819,0.7090002939902308,0.7039339096656451,0.8682307484297193,0.8786453999583514,0.7726027397260274,0.8606307222787386,0.8142444658325313,2190,498,0.2273972602739726,78,0.03561643835616438,0.016974972796517954,proteccion_0.20,regla_decision,proteccion,0.2,,desarrollo,9cc0c2fa2564d2988737310b1cf35a46867ea977d2a1daf130c94bedbd580af1,1297,0.2822633297062024,1332,0.2898803046789989,1966,0.4278563656147987,0.0,False
2023,29841,4595,5452865fae7ed675f43ffdaa29d4ea8cf82c5b2d6cb2be755d295bc2ca8b3a69,0.7340587595212187,0.7039617755250215,0.7020283485037103,0.7039617755250215,0.7020399735958006,0.8682894876035997,0.8786453999583514,0.8041095890410959,0.8450095969289827,0.8240524099204491,2190,429,0.1958904109589041,92,0.04200913242009133,0.02002176278563656,alto_0.40,regla_decision,alto,0.4,,desarrollo,9cc0c2fa2564d2988737310b1cf35a46867ea977d2a1daf130c94bedbd580af1,1351,0.2940152339499456,1160,0.25244831338411317,2084,0.4535364526659412,0.025680087051142553,False
2023,29841,4595,5452865fae7ed675f43ffdaa29d4ea8cf82c5b2d6cb2be755d295bc2ca8b3a69,0.7371055495103374,0.6983679414606332,0.6998226454346076,0.6983679414606332,0.6989987600596114,0.8670253304655097,0.8786453999583514,0.8310502283105022,0.8272727272727273,0.8291571753986332,2190,370,0.1689497716894977,91,0.041552511415525115,0.019804134929270946,alto_0.35,regla_decision,alto,0.35,,desarrollo,9cc0c2fa2564d2988737310b1cf35a46867ea977d2a1daf130c94bedbd580af1,1347,0.29314472252448315,1048,0.2280739934711643,2200,0.47878128400435255,0.050924918389553875,False
2023,29841,4595,5452865fae7ed675f43ffdaa29d4ea8cf82c5b2d6cb2be755d295bc2ca8b3a69,0.7323177366702938,0.7034422689995473,0.7039714469968302,0.7034422689995473,0.7018978714379777,0.8678675138015323,0.8786453999583514,0.8041095890410959,0.8450095969289827,0.8240524099204491,2190,429,0.1958904109589041,78,0.03561643835616438,0.016974972796517954,combinada_0.40_0.20,regla_decision,combinada,0.4,0.2,desarrollo,9cc0c2fa2564d2988737310b1cf35a46867ea977d2a1daf130c94bedbd580af1,1297,0.2822633297062024,1214,0.2642002176278564,2084,0.4535364526659412,0.025680087051142553,False
2023,29841,4595,5452865fae7ed675f43ffdaa29d4ea8cf82c5b2d6cb2be755d295bc2ca8b3a69,0.735582154515778,0.6980009809421844,0.7013230416241147,0.6980009809421844,0.6991212622865772,0.8666749638107708,0.8786453999583514,0.8310502283105022,0.8272727272727273,0.8291571753986332,2190,370,0.1689497716894977,78,0.03561643835616438,0.016974972796517954,combinada_0.35_0.20,regla_decision,combinada,0.35,0.2,desarrollo,9cc0c2fa2564d2988737310b1cf35a46867ea977d2a1daf130c94bedbd580af1,1297,0.2822633297062024,1098,0.23895538628944504,2200,0.47878128400435255,0.050924918389553875,False
2024,34436,4606,83cd35a1966faa825a6fb63e282b2e8be4075103e5367ba2002c818b9868d845,0.7364307425097699,0.7239155787382439,0.7247138169281161,0.7239155787382439,0.7176027933890513,0.8738180741026055,0.895360548460021,0.7720090293453724,0.8837209302325582,0.8240963855421687,2215,505,0.22799097065462753,59,0.026636568848758466,0.012809379070777248,argmax,regla_decision,argmax,,,desarrollo,82e3e09a6d00500d9ece05be7fcd7e8574008137b60089be5e265ba71766ada6,1207,0.2620495006513244,1464,0.3178462874511507,1935,0.42010421189752495,0.0,False
2024,34436,4606,83cd35a1966faa825a6fb63e282b2e8be4075103e5367ba2002c818b9868d845,0.7353452019105514,0.7234181995439982,0.7269279464756595,0.7234181995439982,0.7172459718656046,0.8734933997470806,0.895360548460021,0.7720090293453724,0.8837209302325582,0.8240963855421687,2215,505,0.22799097065462753,52,0.02347629796839729,0.011289622231871473,proteccion_0.20,regla_decision,proteccion,0.2,,desarrollo,82e3e09a6d00500d9ece05be7fcd7e8574008137b60089be5e265ba71766ada6,1171,0.2542336083369518,1500,0.32566217976552325,1935,0.42010421189752495,0.0,False
2024,34436,4606,83cd35a1966faa825a6fb63e282b2e8be4075103e5367ba2002c818b9868d845,0.7446808510638298,0.7235889522303417,0.7250031285905673,0.7235889522303417,0.7206136407546201,0.8755779499097693,0.895360548460021,0.8058690744920993,0.8707317073170732,0.8370457209847596,2215,430,0.19413092550790068,59,0.026636568848758466,0.012809379070777248,alto_0.40,regla_decision,alto,0.4,,desarrollo,82e3e09a6d00500d9ece05be7fcd7e8574008137b60089be5e265ba71766ada6,1207,0.2620495006513244,1349,0.29287885366912725,2050,0.44507164567954843,0.024967433782023485,False
2024,34436,4606,83cd35a1966faa825a6fb63e282b2e8be4075103e5367ba2002c818b9868d845,0.7509769865392966,0.7214177715995063,0.724963755533104,0.7214177715995063,0.7215037267411443,0.8762268519488648,0.895360548460021,0.837020316027088,0.85635103926097,0.8465753424657535,2215,361,0.16297968397291196,58,0.02618510158013544,0.012592270950933565,alto_0.35,regla_decision,alto,0.35,,desarrollo,82e3e09a6d00500d9ece05be7fcd7e8574008137b60089be5e265ba71766ada6,1206,0.26183239253148066,1235,0.2681285280069475,2165,0.47003907946157186,0.049934867564046914,False
2024,34436,4606,83cd35a1966faa825a6fb63e282b2e8be4075103e5367ba2002c818b9868d845,0.7435953104646114,0.7230915730360961,0.7269969219097678,0.7230915730360961,0.7202992070902748,0.8752532755542445,0.895360548460021,0.8058690744920993,0.8707317073170732,0.8370457209847596,2215,430,0.19413092550790068,52,0.02347629796839729,0.011289622231871473,combinada_0.40_0.20,regla_decision,combinada,0.4,0.2,desarrollo,82e3e09a6d00500d9ece05be7fcd7e8574008137b60089be5e265ba71766ada6,1171,0.2542336083369518,1385,0.30069474598349977,2050,0.44507164567954843,0.024967433782023485,False
2024,34436,4606,83cd35a1966faa825a6fb63e282b2e8be4075103e5367ba2002c818b9868d845,0.7498914459400782,0.7209203924052606,0.7266112986539842,0.7209203924052606,0.7212303171283786,0.8758945142223248,0.895360548460021,0.837020316027088,0.85635103926097,0.8465753424657535,2215,361,0.16297968397291196,52,0.02347629796839729,0.011289622231871473,combinada_0.35_0.20,regla_decision,combinada,0.35,0.2,desarrollo,82e3e09a6d00500d9ece05be7fcd7e8574008137b60089be5e265ba71766ada6,1171,0.2542336083369518,1270,0.27572731220147634,2165,0.47003907946157186,0.049934867564046914,False
2025,39042,4942,a5f96ba2627c8a10afab8a8ee390db431a8e9d135db0850e95b30dd3991c66ef,0.7612302711452853,0.7519571865953831,0.7493885259139837,0.7519571865953831,0.7447115572783648,0.8851594978580772,0.912323910721382,0.781127129750983,0.8734733756717147,0.8247232472324723,2289,501,0.21887287024901703,70,0.03058103975535168,0.014164305949008499,argmax,regla_decision,argmax,,,comprobacion_2025,a59179d15e4fa604108329b03ca264c91e7f1ba3e019e53353c91ae2112a89a3,1401,0.28348846620801293,1494,0.30230675839740995,2047,0.4142047753945771,0.0,False
2025,39042,4942,a5f96ba2627c8a10afab8a8ee390db431a8e9d135db0850e95b30dd3991c66ef,0.7701335491703764,0.7442594474545396,0.7490560806197757,0.7442594474545396,0.74476421519355,0.8848515560023226,0.912323910721382,0.8431629532546964,0.8387657540199913,0.840958605664488,2289,359,0.15683704674530363,57,0.02490170380078637,0.011533791987049777,combinada_0.35_0.20,regla_decision,combinada,0.35,0.2,comprobacion_2025,a59179d15e4fa604108329b03ca264c91e7f1ba3e019e53353c91ae2112a89a3,1370,0.2772157021448806,1271,0.25718332658842574,2301,0.46560097126669364,0.051396195872116524,False
